timestamp,pir,tempC,humPct,lux,dbfs,centroidHz,B1_50_200,B2_200_1200,B3_1200_4000,B4_4000_8000,sleep_stage
2026-04-04 21:20:47,1,24.6,24.8,92.16,-20.1,153,0.69,0.33,0.01,0.00,awake
2026-04-04 21:20:47,1,24.6,24.8,92.16,-20.1,153,0.69,0.33,0.01,0.00,awake
2026-04-04 21:20:48,1,24.6,24.8,92.16,-20.1,153,0.69,0.33,0.01,0.00,awake
2026-04-04 21:20:48,1,24.6,24.8,92.16,-20.1,153,0.69,0.33,0.01,0.00,awake
2026-04-04 21:20:48,1,24.6,24.8,92.16,-20.1,153,0.69,0.33,0.01,0.00,awake
2026-04-04 21:20:48,1,24.6,24.8,92.16,-20.1,153,0.69,0.33,0.01,0.00,awake
2026-04-04 21:20:48,1,24.6,24.8,92.16,-20.1,150,0.73,0.27,0.01,0.00,awake
2026-04-04 21:20:48,1,24.6,24.8,92.16,-20.1,150,0.73,0.27,0.01,0.00,awake
2026-04-04 21:20:48,1,24.6,24.8,92.16,-20.1,150,0.73,0.27,0.01,0.00,awake
2026-04-04 21:20:48,1,24.6,24.8,92.16,-20.1,150,0.73,0.27,0.01,0.00,awake
2026-04-04 21:20:48,1,24.6,24.8,92.16,-20.1,150,0.73,0.27,0.01,0.00,awake
2026-04-04 21:20:48,1,24.6,24.8,92.16,-20.1,150,0.73,0.27,0.01,0.00,awake
2026-04-04 21:20:49,1,24.6,24.8,92.16,-20.1,150,0.73,0.27,0.01,0.00,awake
2026-04-04 21:20:49,1,24.6,24.8,92.16,-20.1,150,0.73,0.27,0.01,0.00,awake
2026-04-04 21:20:49,1,24.6,24.8,92.16,-20.1,150,0.73,0.27,0.01,0.00,awake
2026-04-04 21:20:49,1,24.6,24.8,92.16,-20.1,150,0.73,0.27,0.01,0.00,awake
2026-04-04 21:20:49,1,24.6,24.8,92.16,-20.1,150,0.73,0.27,0.01,0.00,awake
2026-04-04 21:20:49,1,24.6,24.8,91.24,-20.0,131,0.82,0.17,0.01,0.00,awake
2026-04-04 21:20:49,1,24.6,24.8,91.24,-20.0,131,0.82,0.17,0.01,0.00,awake
2026-04-04 21:20:49,1,24.6,24.8,90.32,-20.0,131,0.82,0.17,0.01,0.00,awake
2026-04-04 21:20:49,1,24.6,24.8,89.40,-20.0,131,0.82,0.17,0.01,0.00,awake
2026-04-04 21:20:49,1,24.6,24.8,89.40,-20.0,131,0.82,0.17,0.01,0.00,awake
2026-04-04 21:20:50,1,24.6,24.8,89.40,-20.0,131,0.82,0.17,0.01,0.00,awake
2026-04-04 21:20:50,1,24.6,24.8,89.40,-20.0,131,0.82,0.17,0.01,0.00,awake
2026-04-04 21:20:50,1,24.6,24.8,89.40,-20.0,131,0.82,0.17,0.01,0.00,awake
2026-04-04 21:20:50,1,24.6,24.8,90.32,-20.0,131,0.82,0.17,0.01,0.00,awake
2026-04-04 21:20:50,1,24.6,24.8,88.47,-20.0,131,0.82,0.17,0.01,0.00,awake
2026-04-04 21:20:50,1,24.6,24.8,91.24,-20.1,199,0.61,0.45,0.01,0.00,awake
2026-04-04 21:20:50,1,24.6,24.8,91.24,-20.1,199,0.61,0.45,0.01,0.00,awake
2026-04-04 21:20:50,1,24.6,24.8,91.24,-20.1,199,0.61,0.45,0.01,0.00,awake
2026-04-04 21:20:50,1,24.6,24.8,91.24,-20.1,199,0.61,0.45,0.01,0.00,awake
2026-04-04 21:20:50,1,24.6,24.8,91.24,-20.1,199,0.61,0.45,0.01,0.00,awake
2026-04-04 21:20:51,1,24.6,24.8,91.24,-20.1,199,0.61,0.45,0.01,0.00,awake
2026-04-04 21:20:51,1,24.6,24.8,91.24,-20.1,199,0.61,0.45,0.01,0.00,awake
2026-04-04 21:20:51,1,24.6,24.8,91.24,-20.1,199,0.61,0.45,0.01,0.00,awake
2026-04-04 21:20:51,1,24.6,24.8,92.16,-20.1,199,0.61,0.45,0.01,0.00,awake
2026-04-04 21:20:51,1,24.6,24.8,92.16,-20.1,199,0.61,0.45,0.01,0.00,awake
2026-04-04 21:20:51,1,24.6,24.7,92.16,-20.1,172,0.80,0.19,0.01,0.00,awake
2026-04-04 21:20:51,1,24.6,24.7,92.16,-20.1,172,0.80,0.19,0.01,0.00,awake
2026-04-04 21:20:51,1,24.6,24.7,92.16,-20.1,172,0.80,0.19,0.01,0.00,awake
2026-04-04 21:20:51,1,24.6,24.7,92.16,-20.1,172,0.80,0.19,0.01,0.00,awake
2026-04-04 21:20:51,1,24.6,24.7,92.16,-20.1,172,0.80,0.19,0.01,0.00,awake
2026-04-04 21:20:52,1,24.6,24.7,92.16,-20.1,172,0.80,0.19,0.01,0.00,awake
2026-04-04 21:20:52,1,24.6,24.7,92.16,-20.1,172,0.80,0.19,0.01,0.00,awake
2026-04-04 21:20:52,1,24.6,24.7,92.16,-20.1,172,0.80,0.19,0.01,0.00,awake
2026-04-04 21:20:52,1,24.6,24.7,92.16,-20.1,172,0.80,0.19,0.01,0.00,awake
2026-04-04 21:20:52,1,24.6,24.7,92.16,-20.1,172,0.80,0.19,0.01,0.00,awake
2026-04-04 21:20:52,1,24.6,24.7,91.24,-20.1,242,0.78,0.23,0.03,0.00,awake
2026-04-04 21:20:52,1,24.6,24.7,91.24,-20.1,242,0.78,0.23,0.03,0.00,awake
2026-04-04 21:20:52,1,24.6,24.7,91.24,-20.1,242,0.78,0.23,0.03,0.00,awake
2026-04-04 21:20:52,1,24.6,24.7,90.32,-20.1,242,0.78,0.23,0.03,0.00,awake
2026-04-04 21:20:52,1,24.6,24.7,91.24,-20.1,242,0.78,0.23,0.03,0.00,awake
2026-04-04 21:20:53,1,24.6,24.7,91.24,-20.1,242,0.78,0.23,0.03,0.00,awake
2026-04-04 21:20:53,1,24.6,24.7,91.24,-20.1,242,0.78,0.23,0.03,0.00,awake
2026-04-04 21:20:53,1,24.6,24.7,91.24,-20.1,242,0.78,0.23,0.03,0.00,awake
2026-04-04 21:20:53,1,24.6,24.7,91.24,-20.1,242,0.78,0.23,0.03,0.00,awake
2026-04-04 21:20:53,1,24.6,24.7,91.24,-20.1,242,0.78,0.23,0.03,0.00,awake
2026-04-04 21:20:53,1,24.6,24.7,91.24,-20.1,120,0.91,0.09,0.01,0.00,awake
2026-04-04 21:20:53,1,24.6,24.7,91.24,-20.1,120,0.91,0.09,0.01,0.00,awake
2026-04-04 21:20:53,1,24.6,24.7,91.24,-20.1,120,0.91,0.09,0.01,0.00,awake
2026-04-04 21:20:53,1,24.6,24.7,91.24,-20.1,120,0.91,0.09,0.01,0.00,awake
2026-04-04 21:20:53,1,24.6,24.7,92.16,-20.1,120,0.91,0.09,0.01,0.00,awake
2026-04-04 21:20:54,1,24.6,24.7,91.24,-20.1,120,0.91,0.09,0.01,0.00,awake
2026-04-04 21:20:54,1,24.6,24.7,91.24,-20.1,120,0.91,0.09,0.01,0.00,awake
2026-04-04 21:20:54,1,24.6,24.7,91.24,-20.1,120,0.91,0.09,0.01,0.00,awake
2026-04-04 21:20:54,1,24.6,24.7,91.24,-20.1,120,0.91,0.09,0.01,0.00,awake
2026-04-04 21:20:54,1,24.6,24.7,92.16,-20.1,120,0.91,0.09,0.01,0.00,awake
2026-04-04 21:20:54,1,24.6,24.7,91.24,-20.1,232,0.42,0.56,0.01,0.00,awake
2026-04-04 21:20:54,1,24.6,24.7,92.16,-20.1,232,0.42,0.56,0.01,0.00,awake
2026-04-04 21:20:54,1,24.6,24.7,92.16,-20.1,232,0.42,0.56,0.01,0.00,awake
2026-04-04 21:20:54,1,24.6,24.7,92.16,-20.1,232,0.42,0.56,0.01,0.00,awake
2026-04-04 21:20:54,1,24.6,24.7,91.24,-20.1,232,0.42,0.56,0.01,0.00,awake
2026-04-04 21:20:55,1,24.6,24.7,92.16,-20.1,232,0.42,0.56,0.01,0.00,awake
2026-04-04 21:20:55,1,24.6,24.7,92.16,-20.1,232,0.42,0.56,0.01,0.00,awake
2026-04-04 21:20:55,1,24.6,24.7,92.16,-20.1,232,0.42,0.56,0.01,0.00,awake
2026-04-04 21:20:55,1,24.6,24.7,92.16,-20.1,232,0.42,0.56,0.01,0.00,awake
2026-04-04 21:20:55,1,24.6,24.7,92.16,-20.1,232,0.42,0.56,0.01,0.00,awake
2026-04-04 21:20:55,1,24.6,24.8,92.16,-20.1,150,0.79,0.24,0.01,0.00,awake
2026-04-04 21:20:55,1,24.6,24.8,92.16,-20.1,150,0.79,0.24,0.01,0.00,awake
2026-04-04 21:20:55,1,24.6,24.8,92.16,-20.1,150,0.79,0.24,0.01,0.00,awake
2026-04-04 21:20:55,1,24.6,24.8,92.16,-20.1,150,0.79,0.24,0.01,0.00,awake
2026-04-04 21:20:55,1,24.6,24.8,92.16,-20.1,150,0.79,0.24,0.01,0.00,awake
2026-04-04 21:20:56,1,24.6,24.8,92.16,-20.1,150,0.79,0.24,0.01,0.00,awake
2026-04-04 21:20:56,0,24.6,24.8,92.16,-20.1,150,0.79,0.24,0.01,0.00,awake
2026-04-04 21:20:56,0,24.6,24.8,92.16,-20.1,150,0.79,0.24,0.01,0.00,awake
2026-04-04 21:20:56,0,24.6,24.8,92.16,-20.1,150,0.79,0.24,0.01,0.00,awake
2026-04-04 21:20:56,0,24.6,24.8,92.16,-20.1,150,0.79,0.24,0.01,0.00,awake
2026-04-04 21:20:56,0,24.6,24.8,92.16,-20.1,265,0.36,0.65,0.02,0.00,awake
2026-04-04 21:20:56,0,24.6,24.8,92.16,-20.1,265,0.36,0.65,0.02,0.00,awake
2026-04-04 21:20:56,0,24.6,24.8,92.16,-20.1,265,0.36,0.65,0.02,0.00,awake
2026-04-04 21:20:56,0,24.6,24.8,92.16,-20.1,265,0.36,0.65,0.02,0.00,awake
2026-04-04 21:20:56,0,24.6,24.8,91.24,-20.1,265,0.36,0.65,0.02,0.00,awake
2026-04-04 21:20:57,0,24.6,24.8,91.24,-20.1,265,0.36,0.65,0.02,0.00,awake
2026-04-04 21:20:57,0,24.6,24.8,90.32,-20.1,265,0.36,0.65,0.02,0.00,awake
2026-04-04 21:20:57,1,24.6,24.8,90.32,-20.1,265,0.36,0.65,0.02,0.00,awake
2026-04-04 21:20:57,1,24.6,24.8,90.32,-20.1,265,0.36,0.65,0.02,0.00,awake
2026-04-04 21:20:57,1,24.6,24.8,90.32,-20.1,265,0.36,0.65,0.02,0.00,awake
2026-04-04 21:20:57,1,24.6,24.7,90.32,-20.1,152,0.82,0.18,0.01,0.00,awake
2026-04-04 21:20:57,1,24.6,24.7,90.32,-20.1,152,0.82,0.18,0.01,0.00,awake
2026-04-04 21:20:57,1,24.6,24.7,90.32,-20.1,152,0.82,0.18,0.01,0.00,awake
2026-04-04 21:20:57,1,24.6,24.7,90.32,-20.1,152,0.82,0.18,0.01,0.00,awake
2026-04-04 21:20:57,1,24.6,24.7,90.32,-20.1,152,0.82,0.18,0.01,0.00,awake
2026-04-04 21:20:58,1,24.6,24.7,90.32,-20.1,152,0.82,0.18,0.01,0.00,awake
2026-04-04 21:20:58,1,24.6,24.7,90.32,-20.1,152,0.82,0.18,0.01,0.00,awake
2026-04-04 21:20:58,1,24.6,24.7,90.32,-20.1,152,0.82,0.18,0.01,0.00,awake
2026-04-04 21:20:58,1,24.6,24.7,90.32,-20.1,152,0.82,0.18,0.01,0.00,awake
2026-04-04 21:20:58,1,24.6,24.7,90.32,-20.1,152,0.82,0.18,0.01,0.00,awake
2026-04-04 21:20:58,1,24.6,24.7,90.32,-20.1,152,0.82,0.18,0.01,0.00,awake
2026-04-04 21:20:58,1,24.6,24.7,90.32,-20.1,147,0.88,0.12,0.01,0.00,awake
2026-04-04 21:20:58,1,24.6,24.7,90.32,-20.1,147,0.88,0.12,0.01,0.00,awake
2026-04-04 21:20:58,0,24.6,24.7,90.32,-20.1,147,0.88,0.12,0.01,0.00,awake
2026-04-04 21:20:58,0,24.6,24.7,90.32,-20.1,147,0.88,0.12,0.01,0.00,awake
2026-04-04 21:20:59,0,24.6,24.7,90.32,-20.1,147,0.88,0.12,0.01,0.00,awake
2026-04-04 21:20:59,0,24.6,24.7,90.32,-20.1,147,0.88,0.12,0.01,0.00,awake
2026-04-04 21:20:59,0,24.6,24.7,90.32,-20.1,147,0.88,0.12,0.01,0.00,awake
2026-04-04 21:20:59,0,24.6,24.7,89.40,-20.1,147,0.88,0.12,0.01,0.00,awake
2026-04-04 21:20:59,0,24.6,24.7,87.55,-20.1,147,0.88,0.12,0.01,0.00,awake
2026-04-04 21:20:59,0,24.6,24.7,70.04,-20.1,147,0.88,0.12,0.01,0.00,awake
2026-04-04 21:20:59,0,24.6,24.7,47.00,-20.1,178,0.71,0.28,0.02,0.00,awake
2026-04-04 21:20:59,0,24.6,24.7,45.16,-20.1,178,0.71,0.28,0.02,0.00,awake
2026-04-04 21:20:59,0,24.6,24.7,47.00,-20.1,178,0.71,0.28,0.02,0.00,awake
2026-04-04 21:20:59,0,24.6,24.7,48.84,-20.1,178,0.71,0.28,0.02,0.00,awake
2026-04-04 21:21:00,0,24.6,24.7,44.24,-20.1,178,0.71,0.28,0.02,0.00,awake
2026-04-04 21:21:00,0,24.6,24.7,44.24,-20.1,178,0.71,0.28,0.02,0.00,awake
2026-04-04 21:21:00,0,24.6,24.7,48.84,-20.1,178,0.71,0.28,0.02,0.00,awake
2026-04-04 21:21:00,0,24.6,24.7,47.92,-20.1,178,0.71,0.28,0.02,0.00,awake
2026-04-04 21:21:00,0,24.6,24.7,47.92,-20.1,178,0.71,0.28,0.02,0.00,awake
2026-04-04 21:21:00,0,24.6,24.7,47.00,-20.1,178,0.71,0.28,0.02,0.00,awake
2026-04-04 21:21:00,0,24.6,24.7,41.47,-20.1,178,0.71,0.28,0.02,0.00,awake
2026-04-04 21:21:00,0,24.6,24.7,39.63,-20.1,114,0.86,0.14,0.01,0.00,awake
2026-04-04 21:21:00,0,24.6,24.7,39.63,-20.1,114,0.86,0.14,0.01,0.00,awake
2026-04-04 21:21:00,0,24.6,24.7,38.71,-20.1,114,0.86,0.14,0.01,0.00,awake
2026-04-04 21:21:01,0,24.6,24.7,37.79,-20.1,114,0.86,0.14,0.01,0.00,awake
2026-04-04 21:21:01,0,24.6,24.7,36.86,-20.1,114,0.86,0.14,0.01,0.00,awake
2026-04-04 21:21:01,1,24.6,24.7,36.86,-20.1,114,0.86,0.14,0.01,0.00,awake
2026-04-04 21:21:01,1,24.6,24.7,35.02,-20.1,114,0.86,0.14,0.01,0.00,awake
2026-04-04 21:21:01,1,24.6,24.7,33.18,-20.1,114,0.86,0.14,0.01,0.00,awake
2026-04-04 21:21:01,1,24.6,24.7,33.18,-20.1,114,0.86,0.14,0.01,0.00,awake
2026-04-04 21:21:01,1,24.6,24.7,34.10,-20.1,114,0.86,0.14,0.01,0.00,awake
2026-04-04 21:21:01,1,24.6,24.7,32.26,-20.1,198,0.74,0.31,0.01,0.00,awake
2026-04-04 21:21:01,1,24.6,24.7,32.26,-20.1,198,0.74,0.31,0.01,0.00,awake
2026-04-04 21:21:01,1,24.6,24.7,31.33,-20.1,198,0.74,0.31,0.01,0.00,awake
2026-04-04 21:21:02,1,24.6,24.7,31.33,-20.1,198,0.74,0.31,0.01,0.00,awake
2026-04-04 21:21:02,1,24.6,24.7,31.33,-20.1,198,0.74,0.31,0.01,0.00,awake
2026-04-04 21:21:02,1,24.6,24.7,30.41,-20.1,198,0.74,0.31,0.01,0.00,awake
2026-04-04 21:21:02,1,24.6,24.7,30.41,-20.1,198,0.74,0.31,0.01,0.00,awake
2026-04-04 21:21:02,1,24.6,24.7,30.41,-20.1,198,0.74,0.31,0.01,0.00,awake
2026-04-04 21:21:02,1,24.6,24.7,34.10,-20.1,198,0.74,0.31,0.01,0.00,awake
2026-04-04 21:21:02,1,24.6,24.7,520.70,-20.1,198,0.74,0.31,0.01,0.00,awake
2026-04-04 21:21:02,1,24.6,24.7,552.04,-20.1,198,0.74,0.31,0.01,0.00,awake
2026-04-04 21:21:02,1,24.5,24.7,593.51,-20.1,194,0.79,0.23,0.01,0.00,awake
2026-04-04 21:21:02,1,24.5,24.7,674.61,-20.1,194,0.79,0.23,0.01,0.00,awake
2026-04-04 21:21:03,1,24.5,24.7,718.85,-20.1,194,0.79,0.23,0.01,0.00,awake
2026-04-04 21:21:03,1,24.5,24.7,720.69,-20.1,194,0.79,0.23,0.01,0.00,awake
2026-04-04 21:21:03,1,24.5,24.7,741.89,-20.1,194,0.79,0.23,0.01,0.00,awake
2026-04-04 21:21:03,1,24.5,24.7,739.12,-20.1,194,0.79,0.23,0.01,0.00,awake
2026-04-04 21:21:03,1,24.5,24.7,721.61,-20.1,194,0.79,0.23,0.01,0.00,awake
2026-04-04 21:21:03,1,24.5,24.7,692.12,-20.1,194,0.79,0.23,0.01,0.00,awake
2026-04-04 21:21:03,1,24.5,24.7,698.57,-20.1,194,0.79,0.23,0.01,0.00,awake
2026-04-04 21:21:03,1,24.5,24.7,738.20,-20.1,194,0.79,0.23,0.01,0.00,awake
2026-04-04 21:21:03,1,24.5,24.7,751.10,-20.1,231,0.62,0.44,0.01,0.00,awake
2026-04-04 21:21:03,1,24.5,24.7,736.36,-20.1,231,0.62,0.44,0.01,0.00,awake
2026-04-04 21:21:04,1,24.5,24.7,713.32,-20.1,231,0.62,0.44,0.01,0.00,awake
2026-04-04 21:21:04,1,24.5,24.7,693.96,-20.1,231,0.62,0.44,0.01,0.00,awake
2026-04-04 21:21:04,1,24.5,24.7,696.73,-20.1,231,0.62,0.44,0.01,0.00,awake
2026-04-04 21:21:04,1,24.5,24.7,693.96,-20.1,231,0.62,0.44,0.01,0.00,awake
2026-04-04 21:21:04,1,24.5,24.7,693.04,-20.1,231,0.62,0.44,0.01,0.00,awake
2026-04-04 21:21:04,1,24.5,24.7,681.06,-20.1,231,0.62,0.44,0.01,0.00,awake
2026-04-04 21:21:04,1,24.5,24.7,253.44,-20.1,231,0.62,0.44,0.01,0.00,awake
2026-04-04 21:21:04,1,24.5,24.7,69.12,-20.1,231,0.62,0.44,0.01,0.00,awake
2026-04-04 21:21:04,1,24.6,24.7,32.26,-20.1,232,0.60,0.41,0.02,0.00,awake
2026-04-04 21:21:04,1,24.6,24.7,33.18,-20.1,232,0.60,0.41,0.02,0.00,awake
2026-04-04 21:21:05,1,24.6,24.7,32.26,-20.1,232,0.60,0.41,0.02,0.00,awake
2026-04-04 21:21:05,1,24.6,24.7,31.33,-20.1,232,0.60,0.41,0.02,0.00,awake
2026-04-04 21:21:05,1,24.6,24.7,31.33,-20.1,232,0.60,0.41,0.02,0.00,awake
2026-04-04 21:21:05,1,24.6,24.7,30.41,-20.1,232,0.60,0.41,0.02,0.00,awake
2026-04-04 21:21:05,1,24.6,24.7,30.41,-20.1,232,0.60,0.41,0.02,0.00,awake
2026-04-04 21:21:05,1,24.6,24.7,33.18,-20.1,232,0.60,0.41,0.02,0.00,awake
2026-04-04 21:21:05,1,24.6,24.7,36.86,-20.1,232,0.60,0.41,0.02,0.00,awake
2026-04-04 21:21:05,1,24.6,24.7,38.71,-20.1,232,0.60,0.41,0.02,0.00,awake
2026-04-04 21:21:05,1,24.6,24.7,39.63,-20.1,181,0.82,0.22,0.01,0.00,awake
2026-04-04 21:21:05,1,24.6,24.7,40.55,-20.1,181,0.82,0.22,0.01,0.00,awake
2026-04-04 21:21:06,1,24.6,24.7,41.47,-20.1,181,0.82,0.22,0.01,0.00,awake
2026-04-04 21:21:06,1,24.6,24.7,45.16,-20.1,181,0.82,0.22,0.01,0.00,awake
2026-04-04 21:21:06,1,24.6,24.7,58.06,-20.1,181,0.82,0.22,0.01,0.00,awake
2026-04-04 21:21:06,1,24.6,24.7,71.88,-20.1,181,0.82,0.22,0.01,0.00,awake
2026-04-04 21:21:06,1,24.6,24.7,85.71,-20.1,181,0.82,0.22,0.01,0.00,awake
2026-04-04 21:21:06,1,24.6,24.7,89.40,-20.1,181,0.82,0.22,0.01,0.00,awake
2026-04-04 21:21:06,1,24.6,24.7,90.32,-20.1,181,0.82,0.22,0.01,0.00,awake
2026-04-04 21:21:06,1,24.6,24.7,90.32,-20.1,181,0.82,0.22,0.01,0.00,awake
2026-04-04 21:21:06,1,24.6,24.7,90.32,-20.1,181,0.82,0.22,0.01,0.00,awake
2026-04-04 21:21:07,1,24.5,24.6,90.32,-20.1,211,0.77,0.22,0.02,0.00,awake
2026-04-04 21:21:07,1,24.5,24.6,89.40,-20.1,211,0.77,0.22,0.02,0.00,awake
2026-04-04 21:21:07,1,24.5,24.6,89.40,-20.1,211,0.77,0.22,0.02,0.00,awake
2026-04-04 21:21:07,1,24.5,24.6,89.40,-20.1,211,0.77,0.22,0.02,0.00,awake
2026-04-04 21:21:07,1,24.5,24.6,89.40,-20.1,211,0.77,0.22,0.02,0.00,awake
2026-04-04 21:21:07,1,24.5,24.6,89.40,-20.1,211,0.77,0.22,0.02,0.00,awake
2026-04-04 21:21:07,1,24.5,24.6,89.40,-20.1,211,0.77,0.22,0.02,0.00,awake
2026-04-04 21:21:07,1,24.5,24.6,89.40,-20.1,211,0.77,0.22,0.02,0.00,awake
2026-04-04 21:21:07,1,24.5,24.6,89.40,-20.1,211,0.77,0.22,0.02,0.00,awake
2026-04-04 21:21:07,1,24.5,24.6,89.40,-20.1,211,0.77,0.22,0.02,0.00,awake
2026-04-04 21:21:08,1,24.5,24.6,89.40,-20.1,179,0.66,0.34,0.01,0.00,awake
2026-04-04 21:21:08,1,24.5,24.6,89.40,-20.1,179,0.66,0.34,0.01,0.00,awake
2026-04-04 21:21:08,1,24.5,24.6,89.40,-20.1,179,0.66,0.34,0.01,0.00,awake
2026-04-04 21:21:08,1,24.5,24.6,89.40,-20.1,179,0.66,0.34,0.01,0.00,awake
2026-04-04 21:21:08,1,24.5,24.6,89.40,-20.1,179,0.66,0.34,0.01,0.00,awake
2026-04-04 21:21:08,0,24.5,24.6,89.40,-20.1,179,0.66,0.34,0.01,0.00,awake
2026-04-04 21:21:08,0,24.5,24.6,90.32,-20.1,179,0.66,0.34,0.01,0.00,awake
2026-04-04 21:21:08,0,24.5,24.6,90.32,-20.1,179,0.66,0.34,0.01,0.00,awake
2026-04-04 21:21:08,0,24.5,24.6,90.32,-20.1,179,0.66,0.34,0.01,0.00,awake
2026-04-04 21:21:08,0,24.5,24.6,90.32,-20.1,179,0.66,0.34,0.01,0.00,awake
2026-04-04 21:21:09,0,24.5,24.6,90.32,-20.1,216,0.78,0.19,0.03,0.00,awake
2026-04-04 21:21:09,0,24.5,24.6,90.32,-20.1,216,0.78,0.19,0.03,0.00,awake
2026-04-04 21:21:09,0,24.5,24.6,91.24,-20.1,216,0.78,0.19,0.03,0.00,awake
2026-04-04 21:21:09,0,24.5,24.6,91.24,-20.1,216,0.78,0.19,0.03,0.00,awake
2026-04-04 21:21:09,0,24.5,24.6,91.24,-20.1,216,0.78,0.19,0.03,0.00,awake
2026-04-04 21:21:09,1,24.5,24.6,94.00,-20.1,216,0.78,0.19,0.03,0.00,awake
2026-04-04 21:21:09,1,24.5,24.6,94.00,-20.1,216,0.78,0.19,0.03,0.00,awake
2026-04-04 21:21:09,1,24.5,24.6,94.00,-20.1,216,0.78,0.19,0.03,0.00,awake
2026-04-04 21:21:09,1,24.5,24.6,94.00,-20.1,216,0.78,0.19,0.03,0.00,awake
2026-04-04 21:21:09,1,24.5,24.6,94.00,-20.1,216,0.78,0.19,0.03,0.00,awake
2026-04-04 21:21:10,1,24.5,24.6,99.53,-20.1,157,0.89,0.11,0.01,0.00,awake
2026-04-04 21:21:10,1,24.5,24.6,99.53,-20.1,157,0.89,0.11,0.01,0.00,awake
2026-04-04 21:21:10,1,24.5,24.6,99.53,-20.1,157,0.89,0.11,0.01,0.00,awake
2026-04-04 21:21:10,1,24.5,24.6,99.53,-20.1,157,0.89,0.11,0.01,0.00,awake
2026-04-04 21:21:10,1,24.5,24.6,99.53,-20.1,157,0.89,0.11,0.01,0.00,awake
2026-04-04 21:21:10,1,24.5,24.6,99.53,-20.1,157,0.89,0.11,0.01,0.00,awake
2026-04-04 21:21:10,1,24.5,24.6,99.53,-20.1,157,0.89,0.11,0.01,0.00,awake
2026-04-04 21:21:10,1,24.5,24.6,99.53,-20.1,157,0.89,0.11,0.01,0.00,awake
2026-04-04 21:21:10,1,24.5,24.6,99.53,-20.1,157,0.89,0.11,0.01,0.00,awake
2026-04-04 21:21:10,1,24.5,24.6,99.53,-20.1,157,0.89,0.11,0.01,0.00,awake
2026-04-04 21:21:10,1,24.5,24.6,99.53,-20.1,157,0.89,0.11,0.01,0.00,awake
2026-04-04 21:21:11,1,24.5,24.5,99.53,-20.1,150,0.84,0.17,0.01,0.00,awake
2026-04-04 21:21:11,1,24.5,24.5,98.61,-20.1,150,0.84,0.17,0.01,0.00,awake
2026-04-04 21:21:11,1,24.5,24.5,98.61,-20.1,150,0.84,0.17,0.01,0.00,awake
2026-04-04 21:21:11,1,24.5,24.5,96.77,-20.1,150,0.84,0.17,0.01,0.00,awake
2026-04-04 21:21:11,1,24.5,24.5,95.85,-20.1,150,0.84,0.17,0.01,0.00,awake
2026-04-04 21:21:11,1,24.5,24.5,95.85,-20.1,150,0.84,0.17,0.01,0.00,awake
2026-04-04 21:21:11,1,24.5,24.5,95.85,-20.1,150,0.84,0.17,0.01,0.00,awake
2026-04-04 21:21:11,1,24.5,24.5,95.85,-20.1,150,0.84,0.17,0.01,0.00,awake
2026-04-04 21:21:11,1,24.5,24.5,95.85,-20.1,150,0.84,0.17,0.01,0.00,awake
2026-04-04 21:21:11,1,24.5,24.5,94.92,-20.1,150,0.84,0.17,0.01,0.00,awake
2026-04-04 21:21:12,1,24.5,24.5,94.92,-20.1,113,0.85,0.15,0.01,0.00,awake
2026-04-04 21:21:12,1,24.5,24.5,94.92,-20.1,113,0.85,0.15,0.01,0.00,awake
2026-04-04 21:21:12,1,24.5,24.5,94.92,-20.1,113,0.85,0.15,0.01,0.00,awake
2026-04-04 21:21:12,1,24.5,24.5,94.92,-20.1,113,0.85,0.15,0.01,0.00,awake
2026-04-04 21:21:12,1,24.5,24.5,95.85,-20.1,113,0.85,0.15,0.01,0.00,awake
2026-04-04 21:21:12,1,24.5,24.5,96.77,-20.1,113,0.85,0.15,0.01,0.00,awake
2026-04-04 21:21:12,1,24.5,24.5,97.69,-20.1,113,0.85,0.15,0.01,0.00,awake
2026-04-04 21:21:12,1,24.5,24.5,98.61,-20.1,113,0.85,0.15,0.01,0.00,awake
2026-04-04 21:21:12,1,24.5,24.5,98.61,-20.1,113,0.85,0.15,0.01,0.00,awake
2026-04-04 21:21:12,1,24.5,24.5,98.61,-20.1,113,0.85,0.15,0.01,0.00,awake
2026-04-04 21:21:13,1,24.5,24.6,98.61,-20.1,145,0.86,0.15,0.01,0.00,awake
2026-04-04 21:21:13,1,24.5,24.6,98.61,-20.1,145,0.86,0.15,0.01,0.00,awake
2026-04-04 21:21:13,1,24.5,24.6,98.61,-20.1,145,0.86,0.15,0.01,0.00,awake
2026-04-04 21:21:13,1,24.5,24.6,98.61,-20.1,145,0.86,0.15,0.01,0.00,awake
2026-04-04 21:21:13,1,24.5,24.6,98.61,-20.1,145,0.86,0.15,0.01,0.00,awake
2026-04-04 21:21:13,1,24.5,24.6,96.77,-20.1,145,0.86,0.15,0.01,0.00,awake
2026-04-04 21:21:13,1,24.5,24.6,96.77,-20.1,145,0.86,0.15,0.01,0.00,awake
2026-04-04 21:21:13,1,24.5,24.6,96.77,-20.1,145,0.86,0.15,0.01,0.00,awake
2026-04-04 21:21:13,1,24.5,24.6,96.77,-20.1,145,0.86,0.15,0.01,0.00,awake
2026-04-04 21:21:13,1,24.5,24.6,96.77,-20.1,145,0.86,0.15,0.01,0.00,awake
2026-04-04 21:21:14,1,24.5,24.6,96.77,-20.1,145,0.86,0.15,0.01,0.00,awake
2026-04-04 21:21:14,1,24.5,24.6,96.77,-20.1,133,0.91,0.08,0.01,0.00,awake
2026-04-04 21:21:14,1,24.5,24.6,92.16,-20.1,133,0.91,0.08,0.01,0.00,awake
2026-04-04 21:21:14,1,24.5,24.6,92.16,-20.1,133,0.91,0.08,0.01,0.00,awake
2026-04-04 21:21:14,1,24.5,24.6,91.24,-20.1,133,0.91,0.08,0.01,0.00,awake
2026-04-04 21:21:14,1,24.5,24.6,91.24,-20.1,133,0.91,0.08,0.01,0.00,awake
2026-04-04 21:21:14,1,24.5,24.6,92.16,-20.1,133,0.91,0.08,0.01,0.00,awake
2026-04-04 21:21:14,1,24.5,24.6,91.24,-20.1,133,0.91,0.08,0.01,0.00,awake
2026-04-04 21:21:14,1,24.5,24.6,91.24,-20.1,133,0.91,0.08,0.01,0.00,awake
2026-04-04 21:21:14,1,24.5,24.6,91.24,-20.1,133,0.91,0.08,0.01,0.00,awake
2026-04-04 21:21:15,1,24.5,24.6,91.24,-20.1,133,0.91,0.08,0.01,0.00,awake
2026-04-04 21:21:15,1,24.5,24.6,92.16,-20.1,195,0.81,0.19,0.02,0.00,awake
2026-04-04 21:21:15,1,24.5,24.6,92.16,-20.1,195,0.81,0.19,0.02,0.00,awake
2026-04-04 21:21:15,1,24.5,24.6,91.24,-20.1,195,0.81,0.19,0.02,0.00,awake
2026-04-04 21:21:15,1,24.5,24.6,92.16,-20.1,195,0.81,0.19,0.02,0.00,awake
2026-04-04 21:21:15,1,24.5,24.6,96.77,-20.1,195,0.81,0.19,0.02,0.00,awake
2026-04-04 21:21:15,0,24.5,24.6,95.85,-20.1,195,0.81,0.19,0.02,0.00,awake
2026-04-04 21:21:15,0,24.5,24.6,95.85,-20.1,195,0.81,0.19,0.02,0.00,awake
2026-04-04 21:21:15,0,24.5,24.6,95.85,-20.1,195,0.81,0.19,0.02,0.00,awake
2026-04-04 21:21:15,0,24.5,24.6,96.77,-20.1,195,0.81,0.19,0.02,0.00,awake
2026-04-04 21:21:16,0,24.5,24.6,96.77,-20.1,195,0.81,0.19,0.02,0.00,awake
2026-04-04 21:21:16,0,24.5,24.6,96.77,-20.1,195,0.81,0.19,0.02,0.00,awake
2026-04-04 21:21:16,0,24.5,24.6,96.77,-20.1,198,0.80,0.20,0.02,0.00,awake
2026-04-04 21:21:16,0,24.5,24.6,97.69,-20.1,198,0.80,0.20,0.02,0.00,awake
2026-04-04 21:21:16,0,24.5,24.6,98.61,-20.1,198,0.80,0.20,0.02,0.00,awake
2026-04-04 21:21:16,0,24.5,24.6,98.61,-20.1,198,0.80,0.20,0.02,0.00,awake
2026-04-04 21:21:16,1,24.5,24.6,98.61,-20.1,198,0.80,0.20,0.02,0.00,awake
2026-04-04 21:21:16,1,24.5,24.6,98.61,-20.1,198,0.80,0.20,0.02,0.00,awake
2026-04-04 21:21:16,1,24.5,24.6,98.61,-20.1,198,0.80,0.20,0.02,0.00,awake
2026-04-04 21:21:16,1,24.5,24.6,98.61,-20.1,198,0.80,0.20,0.02,0.00,awake
2026-04-04 21:21:17,1,24.5,24.6,97.69,-20.1,198,0.80,0.20,0.02,0.00,awake
2026-04-04 21:21:17,1,24.5,24.6,96.77,-20.1,198,0.80,0.20,0.02,0.00,awake
2026-04-04 21:21:17,1,24.5,24.6,96.77,-20.1,438,0.73,0.16,0.11,0.00,awake
2026-04-04 21:21:17,1,24.5,24.6,96.77,-20.1,438,0.73,0.16,0.11,0.00,awake
2026-04-04 21:21:17,1,24.5,24.6,96.77,-20.1,438,0.73,0.16,0.11,0.00,awake
2026-04-04 21:21:17,1,24.5,24.6,97.69,-20.1,438,0.73,0.16,0.11,0.00,awake
2026-04-04 21:21:17,1,24.5,24.6,97.69,-20.1,438,0.73,0.16,0.11,0.00,awake
2026-04-04 21:21:17,1,24.5,24.6,97.69,-20.1,438,0.73,0.16,0.11,0.00,awake
2026-04-04 21:21:17,1,24.5,24.6,97.69,-20.1,438,0.73,0.16,0.11,0.00,awake
2026-04-04 21:21:17,1,24.5,24.6,97.69,-20.1,438,0.73,0.16,0.11,0.00,awake
2026-04-04 21:21:18,1,24.5,24.6,97.69,-20.1,438,0.73,0.16,0.11,0.00,awake
2026-04-04 21:21:18,1,24.5,24.6,97.69,-20.1,438,0.73,0.16,0.11,0.00,awake
2026-04-04 21:21:18,1,24.5,24.6,97.69,-20.1,120,0.89,0.12,0.01,0.00,awake
2026-04-04 21:21:18,1,24.5,24.6,98.61,-20.1,120,0.89,0.12,0.01,0.00,awake
2026-04-04 21:21:18,1,24.5,24.6,96.77,-20.1,120,0.89,0.12,0.01,0.00,awake
2026-04-04 21:21:18,1,24.5,24.6,83.87,-20.1,120,0.89,0.12,0.01,0.00,awake
2026-04-04 21:21:18,1,24.5,24.6,79.26,-20.1,120,0.89,0.12,0.01,0.00,awake
2026-04-04 21:21:18,1,24.5,24.6,78.34,-20.1,120,0.89,0.12,0.01,0.00,awake
2026-04-04 21:21:18,1,24.5,24.6,78.34,-20.1,120,0.89,0.12,0.01,0.00,awake
2026-04-04 21:21:18,1,24.5,24.6,85.71,-20.1,120,0.89,0.12,0.01,0.00,awake
2026-04-04 21:21:19,1,24.5,24.6,72.81,-20.1,120,0.89,0.12,0.01,0.00,awake
2026-04-04 21:21:19,1,24.5,24.6,98.61,-20.1,120,0.89,0.12,0.01,0.00,awake
2026-04-04 21:21:19,1,24.5,24.6,98.61,-20.1,120,0.89,0.12,0.01,0.00,awake
2026-04-04 21:21:19,1,24.5,24.7,98.61,-19.2,211,0.74,0.31,0.04,0.00,awake
2026-04-04 21:21:19,1,24.5,24.7,97.69,-19.2,211,0.74,0.31,0.04,0.00,awake
2026-04-04 21:21:19,1,24.5,24.7,96.77,-19.2,211,0.74,0.31,0.04,0.00,awake
2026-04-04 21:21:19,1,24.5,24.7,95.85,-19.2,211,0.74,0.31,0.04,0.00,awake
2026-04-04 21:21:19,1,24.5,24.7,94.92,-19.2,211,0.74,0.31,0.04,0.00,awake
2026-04-04 21:21:19,1,24.5,24.7,94.00,-19.2,211,0.74,0.31,0.04,0.00,awake
2026-04-04 21:21:19,1,24.5,24.7,94.92,-19.2,211,0.74,0.31,0.04,0.00,awake
2026-04-04 21:21:20,1,24.5,24.7,94.92,-19.2,211,0.74,0.31,0.04,0.00,awake
2026-04-04 21:21:20,1,24.5,24.7,94.92,-19.2,211,0.74,0.31,0.04,0.00,awake
2026-04-04 21:21:20,1,24.5,24.7,94.92,-19.2,211,0.74,0.31,0.04,0.00,awake
2026-04-04 21:21:20,1,24.5,24.7,94.92,-19.9,162,0.80,0.20,0.01,0.00,awake
2026-04-04 21:21:20,1,24.5,24.7,94.92,-19.9,162,0.80,0.20,0.01,0.00,awake
2026-04-04 21:21:20,1,24.5,24.7,94.92,-19.9,162,0.80,0.20,0.01,0.00,awake
2026-04-04 21:21:20,1,24.5,24.7,94.92,-19.9,162,0.80,0.20,0.01,0.00,awake
2026-04-04 21:21:20,1,24.5,24.7,94.92,-19.9,162,0.80,0.20,0.01,0.00,awake
2026-04-04 21:21:20,1,24.5,24.7,94.92,-19.9,162,0.80,0.20,0.01,0.00,awake
2026-04-04 21:21:20,1,24.5,24.7,94.92,-19.9,162,0.80,0.20,0.01,0.00,awake
2026-04-04 21:21:21,1,24.5,24.7,94.92,-19.9,162,0.80,0.20,0.01,0.00,awake
2026-04-04 21:21:21,1,24.5,24.7,94.92,-19.9,162,0.80,0.20,0.01,0.00,awake
2026-04-04 21:21:21,1,24.5,24.7,94.92,-19.9,162,0.80,0.20,0.01,0.00,awake
2026-04-04 21:21:21,1,24.5,24.7,94.92,-19.9,162,0.80,0.20,0.01,0.00,awake
2026-04-04 21:21:21,1,24.5,24.6,94.92,-20.0,117,0.91,0.10,0.01,0.00,awake
2026-04-04 21:21:21,1,24.5,24.6,94.92,-20.0,117,0.91,0.10,0.01,0.00,awake
2026-04-04 21:21:21,1,24.5,24.6,94.92,-20.0,117,0.91,0.10,0.01,0.00,awake
2026-04-04 21:21:21,1,24.5,24.6,94.92,-20.0,117,0.91,0.10,0.01,0.00,awake
2026-04-04 21:21:21,1,24.5,24.6,94.92,-20.0,117,0.91,0.10,0.01,0.00,awake
2026-04-04 21:21:21,1,24.5,24.6,91.24,-20.0,117,0.91,0.10,0.01,0.00,awake
2026-04-04 21:21:22,1,24.5,24.6,89.40,-20.0,117,0.91,0.10,0.01,0.00,awake
2026-04-04 21:21:22,1,24.5,24.6,89.40,-20.0,117,0.91,0.10,0.01,0.00,awake
2026-04-04 21:21:22,1,24.5,24.6,89.40,-20.0,117,0.91,0.10,0.01,0.00,awake
2026-04-04 21:21:22,1,24.5,24.6,89.40,-20.0,117,0.91,0.10,0.01,0.00,awake
2026-04-04 21:21:22,1,24.5,24.6,89.40,-20.0,210,0.64,0.35,0.01,0.00,awake
2026-04-04 21:21:22,1,24.5,24.6,89.40,-20.0,210,0.64,0.35,0.01,0.00,awake
2026-04-04 21:21:22,1,24.5,24.6,89.40,-20.0,210,0.64,0.35,0.01,0.00,awake
2026-04-04 21:21:22,1,24.5,24.6,89.40,-20.0,210,0.64,0.35,0.01,0.00,awake
2026-04-04 21:21:22,1,24.5,24.6,89.40,-20.0,210,0.64,0.35,0.01,0.00,awake
2026-04-04 21:21:22,1,24.5,24.6,89.40,-20.0,210,0.64,0.35,0.01,0.00,awake
2026-04-04 21:21:23,1,24.5,24.6,87.55,-20.0,210,0.64,0.35,0.01,0.00,awake
2026-04-04 21:21:23,1,24.5,24.6,84.79,-20.0,210,0.64,0.35,0.01,0.00,awake
2026-04-04 21:21:23,1,24.5,24.6,79.26,-20.0,210,0.64,0.35,0.01,0.00,awake
2026-04-04 21:21:23,1,24.5,24.6,68.20,-20.0,210,0.64,0.35,0.01,0.00,awake
2026-04-04 21:21:23,1,24.5,24.6,56.22,-20.0,172,0.79,0.34,0.01,0.00,awake
2026-04-04 21:21:23,1,24.5,24.6,54.37,-20.0,172,0.79,0.34,0.01,0.00,awake
2026-04-04 21:21:23,1,24.5,24.6,54.37,-20.0,172,0.79,0.34,0.01,0.00,awake
2026-04-04 21:21:23,1,24.5,24.6,60.83,-20.0,172,0.79,0.34,0.01,0.00,awake
2026-04-04 21:21:23,1,24.5,24.6,88.47,-20.0,172,0.79,0.34,0.01,0.00,awake
2026-04-04 21:21:23,1,24.5,24.6,92.16,-20.0,172,0.79,0.34,0.01,0.00,awake
2026-04-04 21:21:24,1,24.5,24.6,92.16,-20.0,172,0.79,0.34,0.01,0.00,awake
2026-04-04 21:21:24,1,24.5,24.6,91.24,-20.0,172,0.79,0.34,0.01,0.00,awake
2026-04-04 21:21:24,1,24.5,24.6,91.24,-20.0,172,0.79,0.34,0.01,0.00,awake
2026-04-04 21:21:24,1,24.5,24.6,91.24,-20.0,172,0.79,0.34,0.01,0.00,awake
2026-04-04 21:21:24,1,24.5,24.6,92.16,-20.0,204,0.67,0.33,0.02,0.00,awake
2026-04-04 21:21:24,1,24.5,24.6,92.16,-20.0,204,0.67,0.33,0.02,0.00,awake
2026-04-04 21:21:24,1,24.5,24.6,92.16,-20.0,204,0.67,0.33,0.02,0.00,awake
2026-04-04 21:21:24,1,24.5,24.6,92.16,-20.0,204,0.67,0.33,0.02,0.00,awake
2026-04-04 21:21:24,1,24.5,24.6,92.16,-20.0,204,0.67,0.33,0.02,0.00,awake
2026-04-04 21:21:24,1,24.5,24.6,92.16,-20.0,204,0.67,0.33,0.02,0.00,awake
2026-04-04 21:21:25,1,24.5,24.6,92.16,-20.0,204,0.67,0.33,0.02,0.00,awake
2026-04-04 21:21:25,1,24.5,24.6,92.16,-20.0,204,0.67,0.33,0.02,0.00,awake
2026-04-04 21:21:25,1,24.5,24.6,91.24,-20.0,204,0.67,0.33,0.02,0.00,awake
2026-04-04 21:21:25,1,24.5,24.6,91.24,-20.0,204,0.67,0.33,0.02,0.00,awake
2026-04-04 21:21:25,1,24.5,24.7,91.24,-20.1,215,0.72,0.27,0.02,0.00,awake
2026-04-04 21:21:25,1,24.5,24.7,91.24,-20.1,215,0.72,0.27,0.02,0.00,awake
2026-04-04 21:21:25,1,24.5,24.7,91.24,-20.1,215,0.72,0.27,0.02,0.00,awake
2026-04-04 21:21:25,1,24.5,24.7,91.24,-20.1,215,0.72,0.27,0.02,0.00,awake
2026-04-04 21:21:25,1,24.5,24.7,90.32,-20.1,215,0.72,0.27,0.02,0.00,awake
2026-04-04 21:21:25,1,24.5,24.7,85.71,-20.1,215,0.72,0.27,0.02,0.00,awake
2026-04-04 21:21:26,1,24.5,24.7,82.94,-20.1,215,0.72,0.27,0.02,0.00,awake
2026-04-04 21:21:26,1,24.5,24.7,82.94,-20.1,215,0.72,0.27,0.02,0.00,awake
2026-04-04 21:21:26,1,24.5,24.7,82.94,-20.1,215,0.72,0.27,0.02,0.00,awake
2026-04-04 21:21:26,1,24.5,24.7,82.94,-20.1,215,0.72,0.27,0.02,0.00,awake
2026-04-04 21:21:26,1,24.5,24.7,82.94,-20.1,186,0.74,0.27,0.02,0.00,awake
2026-04-04 21:21:26,1,24.5,24.7,83.87,-20.1,186,0.74,0.27,0.02,0.00,awake
2026-04-04 21:21:26,1,24.5,24.7,83.87,-20.1,186,0.74,0.27,0.02,0.00,awake
2026-04-04 21:21:26,1,24.5,24.7,84.79,-20.1,186,0.74,0.27,0.02,0.00,awake
2026-04-04 21:21:26,1,24.5,24.7,84.79,-20.1,186,0.74,0.27,0.02,0.00,awake
2026-04-04 21:21:26,1,24.5,24.7,85.71,-20.1,186,0.74,0.27,0.02,0.00,awake
2026-04-04 21:21:27,1,24.5,24.7,85.71,-20.1,186,0.74,0.27,0.02,0.00,awake
2026-04-04 21:21:27,1,24.5,24.7,86.63,-20.1,186,0.74,0.27,0.02,0.00,awake
2026-04-04 21:21:27,1,24.5,24.7,91.24,-20.1,186,0.74,0.27,0.02,0.00,awake
2026-04-04 21:21:27,1,24.5,24.7,94.00,-20.1,186,0.74,0.27,0.02,0.00,awake
2026-04-04 21:21:27,1,24.5,24.8,94.00,-20.1,262,0.48,0.52,0.03,0.00,awake
2026-04-04 21:21:27,1,24.5,24.8,94.00,-20.1,262,0.48,0.52,0.03,0.00,awake
2026-04-04 21:21:27,1,24.5,24.8,94.00,-20.1,262,0.48,0.52,0.03,0.00,awake
2026-04-04 21:21:27,1,24.5,24.8,94.00,-20.1,262,0.48,0.52,0.03,0.00,awake
2026-04-04 21:21:27,1,24.5,24.8,94.00,-20.1,262,0.48,0.52,0.03,0.00,awake
2026-04-04 21:21:27,1,24.5,24.8,94.00,-20.1,262,0.48,0.52,0.03,0.00,awake
2026-04-04 21:21:28,1,24.5,24.8,94.00,-20.1,262,0.48,0.52,0.03,0.00,awake
2026-04-04 21:21:28,1,24.5,24.8,94.00,-20.1,262,0.48,0.52,0.03,0.00,awake
2026-04-04 21:21:28,1,24.5,24.8,93.08,-20.1,262,0.48,0.52,0.03,0.00,awake
2026-04-04 21:21:28,1,24.5,24.8,94.00,-20.1,262,0.48,0.52,0.03,0.00,awake
2026-04-04 21:21:28,1,24.5,24.8,94.00,-20.1,262,0.48,0.52,0.03,0.00,awake
2026-04-04 21:21:28,1,24.5,24.9,94.92,-20.1,216,0.70,0.29,0.02,0.00,awake
2026-04-04 21:21:28,1,24.5,24.9,94.92,-20.1,216,0.70,0.29,0.02,0.00,awake
2026-04-04 21:21:28,1,24.5,24.9,94.00,-20.1,216,0.70,0.29,0.02,0.00,awake
2026-04-04 21:21:28,1,24.5,24.9,94.00,-20.1,216,0.70,0.29,0.02,0.00,awake
2026-04-04 21:21:28,1,24.5,24.9,94.00,-20.1,216,0.70,0.29,0.02,0.00,awake
2026-04-04 21:21:29,1,24.5,24.9,93.08,-20.1,216,0.70,0.29,0.02,0.00,awake
2026-04-04 21:21:29,1,24.5,24.9,93.08,-20.1,216,0.70,0.29,0.02,0.00,awake
2026-04-04 21:21:29,1,24.5,24.9,93.08,-20.1,216,0.70,0.29,0.02,0.00,awake
2026-04-04 21:21:29,1,24.5,24.9,93.08,-20.1,216,0.70,0.29,0.02,0.00,awake
2026-04-04 21:21:29,1,24.5,24.9,93.08,-20.1,216,0.70,0.29,0.02,0.00,awake
2026-04-04 21:21:29,1,24.5,24.9,93.08,-20.1,216,0.70,0.29,0.02,0.00,awake
2026-04-04 21:21:29,1,24.5,25.1,93.08,-20.1,146,0.87,0.14,0.01,0.00,awake
2026-04-04 21:21:29,1,24.5,25.1,93.08,-20.1,146,0.87,0.14,0.01,0.00,awake
2026-04-04 21:21:29,1,24.5,25.1,93.08,-20.1,146,0.87,0.14,0.01,0.00,awake
2026-04-04 21:21:29,1,24.5,25.1,93.08,-20.1,146,0.87,0.14,0.01,0.00,awake
2026-04-04 21:21:30,1,24.5,25.1,93.08,-20.1,146,0.87,0.14,0.01,0.00,awake
2026-04-04 21:21:30,1,24.5,25.1,93.08,-20.1,146,0.87,0.14,0.01,0.00,awake
2026-04-04 21:21:30,1,24.5,25.1,93.08,-20.1,146,0.87,0.14,0.01,0.00,awake
2026-04-04 21:21:30,1,24.5,25.1,93.08,-20.1,146,0.87,0.14,0.01,0.00,awake
2026-04-04 21:21:30,1,24.5,25.1,93.08,-20.1,146,0.87,0.14,0.01,0.00,awake
2026-04-04 21:21:30,1,24.5,25.1,93.08,-20.1,146,0.87,0.14,0.01,0.00,awake
2026-04-04 21:21:30,1,24.5,25.1,93.08,-20.1,146,0.87,0.14,0.01,0.00,awake
2026-04-04 21:21:30,1,24.5,25.4,93.08,-20.1,167,0.82,0.17,0.02,0.00,awake
2026-04-04 21:21:30,1,24.5,25.4,93.08,-20.1,167,0.82,0.17,0.02,0.00,awake
2026-04-04 21:21:30,0,24.5,25.4,93.08,-20.1,167,0.82,0.17,0.02,0.00,awake
2026-04-04 21:21:31,0,24.5,25.4,93.08,-20.1,167,0.82,0.17,0.02,0.00,awake
2026-04-04 21:21:31,0,24.5,25.4,93.08,-20.1,167,0.82,0.17,0.02,0.00,awake
2026-04-04 21:21:31,0,24.5,25.4,93.08,-20.1,167,0.82,0.17,0.02,0.00,awake
2026-04-04 21:21:31,0,24.5,25.4,93.08,-20.1,167,0.82,0.17,0.02,0.00,awake
2026-04-04 21:21:31,0,24.5,25.4,93.08,-20.1,167,0.82,0.17,0.02,0.00,awake
2026-04-04 21:21:31,0,24.5,25.4,93.08,-20.1,167,0.82,0.17,0.02,0.00,awake
2026-04-04 21:21:31,0,24.5,25.4,93.08,-20.1,167,0.82,0.17,0.02,0.00,awake
2026-04-04 21:21:31,0,24.5,25.4,93.08,-20.1,167,0.82,0.17,0.02,0.00,awake
2026-04-04 21:21:31,0,24.5,25.5,93.08,-20.1,208,0.46,0.57,0.01,0.00,awake
2026-04-04 21:21:31,0,24.5,25.5,93.08,-20.1,208,0.46,0.57,0.01,0.00,awake
2026-04-04 21:21:32,0,24.5,25.5,93.08,-20.1,208,0.46,0.57,0.01,0.00,awake
2026-04-04 21:21:32,0,24.5,25.5,93.08,-20.1,208,0.46,0.57,0.01,0.00,awake
2026-04-04 21:21:32,0,24.5,25.5,93.08,-20.1,208,0.46,0.57,0.01,0.00,awake
2026-04-04 21:21:32,0,24.5,25.5,93.08,-20.1,208,0.46,0.57,0.01,0.00,awake
2026-04-04 21:21:32,0,24.5,25.5,93.08,-20.1,208,0.46,0.57,0.01,0.00,awake
2026-04-04 21:21:32,0,24.5,25.5,93.08,-20.1,208,0.46,0.57,0.01,0.00,awake
2026-04-04 21:21:32,0,24.5,25.5,93.08,-20.1,208,0.46,0.57,0.01,0.00,awake
2026-04-04 21:21:32,0,24.5,25.5,93.08,-20.1,208,0.46,0.57,0.01,0.00,awake
2026-04-04 21:21:32,0,24.5,25.5,93.08,-20.1,208,0.46,0.57,0.01,0.00,awake
2026-04-04 21:21:33,0,24.5,25.7,93.08,-20.1,318,0.62,0.28,0.10,0.00,awake
2026-04-04 21:21:33,0,24.5,25.7,93.08,-20.1,318,0.62,0.28,0.10,0.00,awake
2026-04-04 21:21:33,0,24.5,25.7,93.08,-20.1,318,0.62,0.28,0.10,0.00,awake
2026-04-04 21:21:33,0,24.5,25.7,93.08,-20.1,318,0.62,0.28,0.10,0.00,awake
2026-04-04 21:21:33,0,24.5,25.7,93.08,-20.1,318,0.62,0.28,0.10,0.00,awake
2026-04-04 21:21:33,0,24.5,25.7,93.08,-20.1,318,0.62,0.28,0.10,0.00,awake
2026-04-04 21:21:33,0,24.5,25.7,93.08,-20.1,318,0.62,0.28,0.10,0.00,awake
2026-04-04 21:21:33,0,24.5,25.7,93.08,-20.1,318,0.62,0.28,0.10,0.00,awake
2026-04-04 21:21:33,0,24.5,25.7,93.08,-20.1,318,0.62,0.28,0.10,0.00,awake
2026-04-04 21:21:33,0,24.5,25.7,93.08,-20.1,318,0.62,0.28,0.10,0.00,awake
2026-04-04 21:21:33,0,24.5,25.7,93.08,-20.1,318,0.62,0.28,0.10,0.00,awake
2026-04-04 21:21:34,0,24.6,27.8,93.08,-17.9,103,0.90,0.10,0.00,0.00,awake
2026-04-04 21:21:34,0,24.6,27.8,93.08,-17.9,103,0.90,0.10,0.00,0.00,awake
2026-04-04 21:21:34,0,24.6,27.8,93.08,-17.9,103,0.90,0.10,0.00,0.00,awake
2026-04-04 21:21:34,1,24.6,27.8,93.08,-17.9,103,0.90,0.10,0.00,0.00,awake
2026-04-04 21:21:34,1,24.6,27.8,93.08,-17.9,103,0.90,0.10,0.00,0.00,awake
2026-04-04 21:21:34,1,24.6,27.8,93.08,-17.9,103,0.90,0.10,0.00,0.00,awake
2026-04-04 21:21:34,1,24.6,27.8,93.08,-17.9,103,0.90,0.10,0.00,0.00,awake
2026-04-04 21:21:34,1,24.6,27.8,93.08,-17.9,103,0.90,0.10,0.00,0.00,awake
2026-04-04 21:21:34,1,24.6,27.8,93.08,-17.9,103,0.90,0.10,0.00,0.00,awake
2026-04-04 21:21:34,1,24.6,27.8,93.08,-17.9,103,0.90,0.10,0.00,0.00,awake
2026-04-04 21:21:35,1,24.6,27.8,93.08,-17.9,103,0.90,0.10,0.00,0.00,awake
2026-04-04 21:21:35,1,25.0,33.1,93.08,-17.0,210,0.50,0.53,0.00,0.00,awake
2026-04-04 21:21:35,1,25.0,33.1,93.08,-17.0,210,0.50,0.53,0.00,0.00,awake
2026-04-04 21:21:35,1,25.0,33.1,93.08,-17.0,210,0.50,0.53,0.00,0.00,awake
2026-04-04 21:21:35,1,25.0,33.1,93.08,-17.0,210,0.50,0.53,0.00,0.00,awake
2026-04-04 21:21:35,1,25.0,33.1,93.08,-17.0,210,0.50,0.53,0.00,0.00,awake
2026-04-04 21:21:35,1,25.0,33.1,93.08,-17.0,210,0.50,0.53,0.00,0.00,awake
2026-04-04 21:21:35,1,25.0,33.1,93.08,-17.0,210,0.50,0.53,0.00,0.00,awake
2026-04-04 21:21:35,1,25.0,33.1,92.16,-17.0,210,0.50,0.53,0.00,0.00,awake
2026-04-04 21:21:35,0,25.0,33.1,86.63,-17.0,210,0.50,0.53,0.00,0.00,awake
2026-04-04 21:21:36,0,25.0,33.1,85.71,-17.0,210,0.50,0.53,0.00,0.00,awake
2026-04-04 21:21:36,0,25.0,33.1,76.49,-19.7,604,0.38,0.39,0.25,0.00,awake
2026-04-04 21:21:36,0,25.0,33.1,78.34,-19.7,604,0.38,0.39,0.25,0.00,awake
2026-04-04 21:21:36,0,25.0,33.1,59.90,-19.7,604,0.38,0.39,0.25,0.00,awake
2026-04-04 21:21:36,0,25.0,33.1,53.45,-19.7,604,0.38,0.39,0.25,0.00,awake
2026-04-04 21:21:36,0,25.0,33.1,51.61,-19.7,604,0.38,0.39,0.25,0.00,awake
2026-04-04 21:21:36,0,25.0,33.1,50.69,-19.7,604,0.38,0.39,0.25,0.00,awake
2026-04-04 21:21:36,1,25.0,33.1,50.69,-19.7,604,0.38,0.39,0.25,0.00,awake
2026-04-04 21:21:36,1,25.0,33.1,68.20,-19.7,604,0.38,0.39,0.25,0.00,awake
2026-04-04 21:21:36,1,25.0,33.1,89.40,-19.7,604,0.38,0.39,0.25,0.00,awake
2026-04-04 21:21:37,1,25.0,33.1,91.24,-19.7,604,0.38,0.39,0.25,0.00,awake
2026-04-04 21:21:37,1,25.8,42.1,92.16,-20.0,214,0.73,0.37,0.01,0.00,awake
2026-04-04 21:21:37,1,25.8,42.1,93.08,-20.0,214,0.73,0.37,0.01,0.00,awake
2026-04-04 21:21:37,1,25.8,42.1,93.08,-20.0,214,0.73,0.37,0.01,0.00,awake
2026-04-04 21:21:37,1,25.8,42.1,93.08,-20.0,214,0.73,0.37,0.01,0.00,awake
2026-04-04 21:21:37,1,25.8,42.1,93.08,-20.0,214,0.73,0.37,0.01,0.00,awake
2026-04-04 21:21:37,1,25.8,42.1,94.00,-20.0,214,0.73,0.37,0.01,0.00,awake
2026-04-04 21:21:37,1,25.8,42.1,94.00,-20.0,214,0.73,0.37,0.01,0.00,awake
2026-04-04 21:21:37,1,25.8,42.1,94.00,-20.0,214,0.73,0.37,0.01,0.00,awake
2026-04-04 21:21:37,1,25.8,42.1,94.00,-20.0,214,0.73,0.37,0.01,0.00,awake
2026-04-04 21:21:38,1,25.8,42.1,98.61,-20.0,214,0.73,0.37,0.01,0.00,awake
2026-04-04 21:21:38,1,25.8,42.1,98.61,-20.0,205,0.68,0.38,0.01,0.00,awake
2026-04-04 21:21:38,1,25.8,42.1,98.61,-20.0,205,0.68,0.38,0.01,0.00,awake
2026-04-04 21:21:38,1,25.8,42.1,98.61,-20.0,205,0.68,0.38,0.01,0.00,awake
2026-04-04 21:21:38,1,25.8,42.1,98.61,-20.0,205,0.68,0.38,0.01,0.00,awake
2026-04-04 21:21:38,1,25.8,42.1,98.61,-20.0,205,0.68,0.38,0.01,0.00,awake
2026-04-04 21:21:38,1,25.8,42.1,98.61,-20.0,205,0.68,0.38,0.01,0.00,awake
2026-04-04 21:21:38,1,25.8,42.1,98.61,-20.0,205,0.68,0.38,0.01,0.00,awake
2026-04-04 21:21:38,1,25.8,42.1,98.61,-20.0,205,0.68,0.38,0.01,0.00,awake
2026-04-04 21:21:38,1,25.8,42.1,98.61,-20.0,205,0.68,0.38,0.01,0.00,awake
2026-04-04 21:21:39,1,25.8,42.1,95.85,-20.0,205,0.68,0.38,0.01,0.00,awake
2026-04-04 21:21:39,1,25.8,42.1,70.96,-20.0,205,0.68,0.38,0.01,0.00,awake
2026-04-04 21:21:39,1,25.7,48.6,54.37,-20.0,184,0.84,0.24,0.01,0.00,awake
2026-04-04 21:21:39,1,25.7,48.6,53.45,-20.0,184,0.84,0.24,0.01,0.00,awake
2026-04-04 21:21:39,1,25.7,48.6,50.69,-20.0,184,0.84,0.24,0.01,0.00,awake
2026-04-04 21:21:39,1,25.7,48.6,48.84,-20.0,184,0.84,0.24,0.01,0.00,awake
2026-04-04 21:21:39,1,25.7,48.6,48.84,-20.0,184,0.84,0.24,0.01,0.00,awake
2026-04-04 21:21:39,1,25.7,48.6,57.14,-20.0,184,0.84,0.24,0.01,0.00,awake
2026-04-04 21:21:39,1,25.7,48.6,92.16,-20.0,184,0.84,0.24,0.01,0.00,awake
2026-04-04 21:21:39,1,25.7,48.6,86.63,-20.0,184,0.84,0.24,0.01,0.00,awake
2026-04-04 21:21:40,1,25.7,48.6,85.71,-20.0,184,0.84,0.24,0.01,0.00,awake
2026-04-04 21:21:40,1,25.7,48.6,90.32,-20.0,184,0.84,0.24,0.01,0.00,awake
2026-04-04 21:21:40,1,25.7,48.6,85.71,-20.0,155,0.72,0.41,0.01,0.00,awake
2026-04-04 21:21:40,1,25.7,48.6,90.32,-20.0,155,0.72,0.41,0.01,0.00,awake
2026-04-04 21:21:40,1,25.7,48.6,91.24,-20.0,155,0.72,0.41,0.01,0.00,awake
2026-04-04 21:21:40,1,25.7,48.6,90.32,-20.0,155,0.72,0.41,0.01,0.00,awake
2026-04-04 21:21:40,1,25.7,48.6,92.16,-20.0,155,0.72,0.41,0.01,0.00,awake
2026-04-04 21:21:40,1,25.7,48.6,91.24,-20.0,155,0.72,0.41,0.01,0.00,awake
2026-04-04 21:21:40,1,25.7,48.6,90.32,-20.0,155,0.72,0.41,0.01,0.00,awake
2026-04-04 21:21:40,1,25.7,48.6,90.32,-20.0,155,0.72,0.41,0.01,0.00,awake
2026-04-04 21:21:41,1,25.7,48.6,90.32,-20.0,155,0.72,0.41,0.01,0.00,awake
2026-04-04 21:21:41,1,25.7,48.6,90.32,-20.0,155,0.72,0.41,0.01,0.00,awake
2026-04-04 21:21:41,1,25.7,48.6,90.32,-20.0,155,0.72,0.41,0.01,0.00,awake
2026-04-04 21:21:41,1,25.4,53.9,90.32,-20.1,164,0.80,0.20,0.02,0.00,awake
2026-04-04 21:21:41,1,25.4,53.9,89.40,-20.1,164,0.80,0.20,0.02,0.00,awake
2026-04-04 21:21:41,1,25.4,53.9,89.40,-20.1,164,0.80,0.20,0.02,0.00,awake
2026-04-04 21:21:41,1,25.4,53.9,90.32,-20.1,164,0.80,0.20,0.02,0.00,awake
2026-04-04 21:21:41,1,25.4,53.9,90.32,-20.1,164,0.80,0.20,0.02,0.00,awake
2026-04-04 21:21:41,1,25.4,53.9,90.32,-20.1,164,0.80,0.20,0.02,0.00,awake
2026-04-04 21:21:41,1,25.4,53.9,90.32,-20.1,164,0.80,0.20,0.02,0.00,awake
2026-04-04 21:21:42,1,25.4,53.9,89.40,-20.1,164,0.80,0.20,0.02,0.00,awake
2026-04-04 21:21:42,1,25.4,53.9,91.24,-20.1,164,0.80,0.20,0.02,0.00,awake
2026-04-04 21:21:42,1,25.4,53.9,94.00,-20.1,164,0.80,0.20,0.02,0.00,awake
2026-04-04 21:21:42,1,25.4,53.9,94.92,-20.0,189,0.52,0.51,0.01,0.00,awake
2026-04-04 21:21:42,1,25.4,53.9,94.92,-20.0,189,0.52,0.51,0.01,0.00,awake
2026-04-04 21:21:42,1,25.4,53.9,94.92,-20.0,189,0.52,0.51,0.01,0.00,awake
2026-04-04 21:21:42,1,25.4,53.9,95.85,-20.0,189,0.52,0.51,0.01,0.00,awake
2026-04-04 21:21:42,1,25.4,53.9,95.85,-20.0,189,0.52,0.51,0.01,0.00,awake
2026-04-04 21:21:42,1,25.4,53.9,95.85,-20.0,189,0.52,0.51,0.01,0.00,awake
2026-04-04 21:21:42,1,25.4,53.9,95.85,-20.0,189,0.52,0.51,0.01,0.00,awake
2026-04-04 21:21:43,1,25.4,53.9,95.85,-20.0,189,0.52,0.51,0.01,0.00,awake
2026-04-04 21:21:43,1,25.4,53.9,95.85,-20.0,189,0.52,0.51,0.01,0.00,awake
2026-04-04 21:21:43,1,25.4,53.9,95.85,-20.0,189,0.52,0.51,0.01,0.00,awake
2026-04-04 21:21:43,1,25.1,58.0,95.85,-20.0,161,0.84,0.16,0.01,0.00,awake
2026-04-04 21:21:43,1,25.1,58.0,95.85,-20.0,161,0.84,0.16,0.01,0.00,awake
2026-04-04 21:21:43,1,25.1,58.0,95.85,-20.0,161,0.84,0.16,0.01,0.00,awake
2026-04-04 21:21:43,1,25.1,58.0,95.85,-20.0,161,0.84,0.16,0.01,0.00,awake
2026-04-04 21:21:43,1,25.1,58.0,95.85,-20.0,161,0.84,0.16,0.01,0.00,awake
2026-04-04 21:21:43,1,25.1,58.0,95.85,-20.0,161,0.84,0.16,0.01,0.00,awake
2026-04-04 21:21:43,1,25.1,58.0,95.85,-20.0,161,0.84,0.16,0.01,0.00,awake
2026-04-04 21:21:44,1,25.1,58.0,94.92,-20.0,161,0.84,0.16,0.01,0.00,awake
2026-04-04 21:21:44,1,25.1,58.0,94.92,-20.0,161,0.84,0.16,0.01,0.00,awake
2026-04-04 21:21:44,1,25.1,58.0,94.92,-20.0,161,0.84,0.16,0.01,0.00,awake
2026-04-04 21:21:44,1,25.1,58.0,94.92,-20.0,161,0.84,0.16,0.01,0.00,awake
2026-04-04 21:21:44,1,24.9,60.0,94.92,-19.8,164,0.85,0.18,0.01,0.00,awake
2026-04-04 21:21:44,1,24.9,60.0,94.92,-19.8,164,0.85,0.18,0.01,0.00,awake
2026-04-04 21:21:44,1,24.9,60.0,94.92,-19.8,164,0.85,0.18,0.01,0.00,awake
2026-04-04 21:21:44,1,24.9,60.0,94.92,-19.8,164,0.85,0.18,0.01,0.00,awake
2026-04-04 21:21:44,1,24.9,60.0,94.92,-19.8,164,0.85,0.18,0.01,0.00,awake
2026-04-04 21:21:44,1,24.9,60.0,94.92,-19.8,164,0.85,0.18,0.01,0.00,awake
2026-04-04 21:21:45,1,24.9,60.0,94.00,-19.8,164,0.85,0.18,0.01,0.00,awake
2026-04-04 21:21:45,1,24.9,60.0,94.00,-19.8,164,0.85,0.18,0.01,0.00,awake
2026-04-04 21:21:45,1,24.9,60.0,94.00,-19.8,164,0.85,0.18,0.01,0.00,awake
2026-04-04 21:21:45,1,24.9,60.0,94.00,-19.8,164,0.85,0.18,0.01,0.00,awake
2026-04-04 21:21:45,1,24.9,60.0,94.00,-19.8,164,0.85,0.18,0.01,0.00,awake
2026-04-04 21:21:45,1,24.8,61.6,94.92,-20.2,200,0.65,0.35,0.01,0.00,awake
2026-04-04 21:21:45,1,24.8,61.6,94.92,-20.2,200,0.65,0.35,0.01,0.00,awake
2026-04-04 21:21:45,1,24.8,61.6,94.92,-20.2,200,0.65,0.35,0.01,0.00,awake
2026-04-04 21:21:45,1,24.8,61.6,95.85,-20.2,200,0.65,0.35,0.01,0.00,awake
2026-04-04 21:21:45,1,24.8,61.6,95.85,-20.2,200,0.65,0.35,0.01,0.00,awake
2026-04-04 21:21:46,1,24.8,61.6,95.85,-20.2,200,0.65,0.35,0.01,0.00,awake
2026-04-04 21:21:46,1,24.8,61.6,95.85,-20.2,200,0.65,0.35,0.01,0.00,awake
2026-04-04 21:21:46,1,24.8,61.6,95.85,-20.2,200,0.65,0.35,0.01,0.00,awake
2026-04-04 21:21:46,1,24.8,61.6,95.85,-20.2,200,0.65,0.35,0.01,0.00,awake
2026-04-04 21:21:46,0,24.8,61.6,94.92,-20.2,200,0.65,0.35,0.01,0.00,awake
2026-04-04 21:21:46,0,24.8,61.6,94.92,-20.2,157,0.85,0.25,0.01,0.00,awake
2026-04-04 21:21:46,0,24.8,61.6,94.92,-20.2,157,0.85,0.25,0.01,0.00,awake
2026-04-04 21:21:46,0,24.8,61.6,94.92,-20.2,157,0.85,0.25,0.01,0.00,awake
2026-04-04 21:21:46,0,24.8,61.6,94.92,-20.2,157,0.85,0.25,0.01,0.00,awake
2026-04-04 21:21:46,0,24.8,61.6,94.92,-20.2,157,0.85,0.25,0.01,0.00,awake
2026-04-04 21:21:47,0,24.8,61.6,94.00,-20.2,157,0.85,0.25,0.01,0.00,awake
2026-04-04 21:21:47,0,24.8,61.6,94.00,-20.2,157,0.85,0.25,0.01,0.00,awake
2026-04-04 21:21:47,0,24.8,61.6,94.00,-20.2,157,0.85,0.25,0.01,0.00,awake
2026-04-04 21:21:47,0,24.8,61.6,94.00,-20.2,157,0.85,0.25,0.01,0.00,awake
2026-04-04 21:21:47,0,24.8,61.6,94.00,-20.2,157,0.85,0.25,0.01,0.00,awake
2026-04-04 21:21:47,0,24.6,63.4,94.92,-20.2,1565,0.49,0.12,0.28,0.12,awake
2026-04-04 21:21:47,0,24.6,63.4,95.85,-20.2,1565,0.49,0.12,0.28,0.12,awake
2026-04-04 21:21:47,0,24.6,63.4,94.92,-20.2,1565,0.49,0.12,0.28,0.12,awake
2026-04-04 21:21:47,0,24.6,63.4,95.85,-20.2,1565,0.49,0.12,0.28,0.12,awake
2026-04-04 21:21:47,0,24.6,63.4,94.92,-20.2,1565,0.49,0.12,0.28,0.12,awake
2026-04-04 21:21:48,0,24.6,63.4,95.85,-20.2,1565,0.49,0.12,0.28,0.12,awake
2026-04-04 21:21:48,0,24.6,63.4,94.92,-20.2,1565,0.49,0.12,0.28,0.12,awake
2026-04-04 21:21:48,0,24.6,63.4,94.92,-20.2,1565,0.49,0.12,0.28,0.12,awake
2026-04-04 21:21:48,0,24.6,63.4,94.92,-20.2,1565,0.49,0.12,0.28,0.12,awake
2026-04-04 21:21:48,0,24.6,63.4,94.92,-20.2,1565,0.49,0.12,0.28,0.12,awake
2026-04-04 21:21:48,0,24.6,63.4,94.92,-18.0,195,0.72,0.26,0.02,0.00,awake
2026-04-04 21:21:48,0,24.6,63.4,94.92,-18.0,195,0.72,0.26,0.02,0.00,awake
2026-04-04 21:21:48,0,24.6,63.4,95.85,-18.0,195,0.72,0.26,0.02,0.00,awake
2026-04-04 21:21:48,0,24.6,63.4,95.85,-18.0,195,0.72,0.26,0.02,0.00,awake
2026-04-04 21:21:48,0,24.6,63.4,95.85,-18.0,195,0.72,0.26,0.02,0.00,awake
2026-04-04 21:21:49,0,24.6,63.4,95.85,-18.0,195,0.72,0.26,0.02,0.00,awake
2026-04-04 21:21:49,0,24.6,63.4,95.85,-18.0,195,0.72,0.26,0.02,0.00,awake
2026-04-04 21:21:49,0,24.6,63.4,94.92,-18.0,195,0.72,0.26,0.02,0.00,awake
2026-04-04 21:21:49,0,24.6,63.4,95.85,-18.0,195,0.72,0.26,0.02,0.00,awake
2026-04-04 21:21:49,0,24.6,63.4,95.85,-18.0,195,0.72,0.26,0.02,0.00,awake
2026-04-04 21:21:49,0,24.6,63.4,95.85,-18.0,195,0.72,0.26,0.02,0.00,awake
2026-04-04 21:21:49,0,24.6,63.5,95.85,-20.2,213,0.43,0.57,0.01,0.00,awake
2026-04-04 21:21:49,0,24.6,63.5,95.85,-20.2,213,0.43,0.57,0.01,0.00,awake
2026-04-04 21:21:49,0,24.6,63.5,95.85,-20.2,213,0.43,0.57,0.01,0.00,awake
2026-04-04 21:21:49,0,24.6,63.5,95.85,-20.2,213,0.43,0.57,0.01,0.00,awake
2026-04-04 21:21:50,0,24.6,63.5,94.00,-20.2,213,0.43,0.57,0.01,0.00,awake
2026-04-04 21:21:50,0,24.6,63.5,94.00,-20.2,213,0.43,0.57,0.01,0.00,awake
2026-04-04 21:21:50,0,24.6,63.5,94.00,-20.2,213,0.43,0.57,0.01,0.00,awake
2026-04-04 21:21:50,0,24.6,63.5,94.00,-20.2,213,0.43,0.57,0.01,0.00,awake
2026-04-04 21:21:50,0,24.6,63.5,94.00,-20.2,213,0.43,0.57,0.01,0.00,awake
2026-04-04 21:21:50,0,24.6,63.5,94.00,-20.2,213,0.43,0.57,0.01,0.00,awake
2026-04-04 21:21:50,0,24.6,63.5,94.00,-20.9,163,0.75,0.26,0.01,0.00,awake
2026-04-04 21:21:50,0,24.6,63.5,94.00,-20.9,163,0.75,0.26,0.01,0.00,awake
2026-04-04 21:21:50,0,24.6,63.5,94.00,-20.9,163,0.75,0.26,0.01,0.00,awake
2026-04-04 21:21:50,0,24.6,63.5,94.00,-20.9,163,0.75,0.26,0.01,0.00,awake
2026-04-04 21:21:51,0,24.6,63.5,94.00,-20.9,163,0.75,0.26,0.01,0.00,awake
2026-04-04 21:21:51,0,24.6,63.5,94.92,-20.9,163,0.75,0.26,0.01,0.00,awake
2026-04-04 21:21:51,0,24.6,63.5,94.92,-20.9,163,0.75,0.26,0.01,0.00,awake
2026-04-04 21:21:51,0,24.6,63.5,91.24,-20.9,163,0.75,0.26,0.01,0.00,awake
2026-04-04 21:21:51,0,24.6,63.5,75.57,-20.9,163,0.75,0.26,0.01,0.00,awake
2026-04-04 21:21:51,0,24.6,63.5,67.28,-20.9,163,0.75,0.26,0.01,0.00,awake
2026-04-04 21:21:51,0,24.8,62.1,67.28,-20.4,207,0.57,0.42,0.01,0.00,awake
2026-04-04 21:21:51,0,24.8,62.1,65.43,-20.4,207,0.57,0.42,0.01,0.00,awake
2026-04-04 21:21:51,0,24.8,62.1,59.90,-20.4,207,0.57,0.42,0.01,0.00,awake
2026-04-04 21:21:51,0,24.8,62.1,72.81,-20.4,207,0.57,0.42,0.01,0.00,awake
2026-04-04 21:21:52,0,24.8,62.1,85.71,-20.4,207,0.57,0.42,0.01,0.00,awake
2026-04-04 21:21:52,0,24.8,62.1,90.32,-20.4,207,0.57,0.42,0.01,0.00,awake
2026-04-04 21:21:52,1,24.8,62.1,91.24,-20.4,207,0.57,0.42,0.01,0.00,awake
2026-04-04 21:21:52,1,24.8,62.1,94.00,-20.4,207,0.57,0.42,0.01,0.00,awake
2026-04-04 21:21:52,1,24.8,62.1,94.00,-20.4,207,0.57,0.42,0.01,0.00,awake
2026-04-04 21:21:52,1,24.8,62.1,94.92,-20.4,207,0.57,0.42,0.01,0.00,awake
2026-04-04 21:21:52,1,24.8,62.1,94.92,-20.3,157,0.90,0.11,0.01,0.00,awake
2026-04-04 21:21:52,1,24.8,62.1,94.92,-20.3,157,0.90,0.11,0.01,0.00,awake
2026-04-04 21:21:52,1,24.8,62.1,94.00,-20.3,157,0.90,0.11,0.01,0.00,awake
2026-04-04 21:21:52,1,24.8,62.1,94.00,-20.3,157,0.90,0.11,0.01,0.00,awake
2026-04-04 21:21:53,1,24.8,62.1,94.00,-20.3,157,0.90,0.11,0.01,0.00,awake
2026-04-04 21:21:53,1,24.8,62.1,94.00,-20.3,157,0.90,0.11,0.01,0.00,awake
2026-04-04 21:21:53,1,24.8,62.1,94.00,-20.3,157,0.90,0.11,0.01,0.00,awake
2026-04-04 21:21:53,1,24.8,62.1,94.92,-20.3,157,0.90,0.11,0.01,0.00,awake
2026-04-04 21:21:53,1,24.8,62.1,94.92,-20.3,157,0.90,0.11,0.01,0.00,awake
2026-04-04 21:21:53,1,24.8,62.1,94.92,-20.3,157,0.90,0.11,0.01,0.00,awake
2026-04-04 21:21:53,1,24.8,59.3,94.92,-20.2,224,0.63,0.37,0.02,0.00,awake
2026-04-04 21:21:53,1,24.8,59.3,101.38,-20.2,224,0.63,0.37,0.02,0.00,awake
2026-04-04 21:21:53,1,24.8,59.3,101.38,-20.2,224,0.63,0.37,0.02,0.00,awake
2026-04-04 21:21:53,1,24.8,59.3,101.38,-20.2,224,0.63,0.37,0.02,0.00,awake
2026-04-04 21:21:54,1,24.8,59.3,101.38,-20.2,224,0.63,0.37,0.02,0.00,awake
2026-04-04 21:21:54,1,24.8,59.3,101.38,-20.2,224,0.63,0.37,0.02,0.00,awake
2026-04-04 21:21:54,1,24.8,59.3,101.38,-20.2,224,0.63,0.37,0.02,0.00,awake
2026-04-04 21:21:54,1,24.8,59.3,101.38,-20.2,224,0.63,0.37,0.02,0.00,awake
2026-04-04 21:21:54,1,24.8,59.3,101.38,-20.2,224,0.63,0.37,0.02,0.00,awake
2026-04-04 21:21:54,1,24.8,59.3,101.38,-20.2,224,0.63,0.37,0.02,0.00,awake
2026-04-04 21:21:54,1,24.8,59.3,101.38,-20.2,225,0.61,0.42,0.02,0.00,awake
2026-04-04 21:21:54,1,24.8,59.3,101.38,-20.2,225,0.61,0.42,0.02,0.00,awake
2026-04-04 21:21:54,1,24.8,59.3,101.38,-20.2,225,0.61,0.42,0.02,0.00,awake
2026-04-04 21:21:54,1,24.8,59.3,101.38,-20.2,225,0.61,0.42,0.02,0.00,awake
2026-04-04 21:21:55,1,24.8,59.3,101.38,-20.2,225,0.61,0.42,0.02,0.00,awake
2026-04-04 21:21:55,1,24.8,59.3,100.45,-20.2,225,0.61,0.42,0.02,0.00,awake
2026-04-04 21:21:55,1,24.8,59.3,100.45,-20.2,225,0.61,0.42,0.02,0.00,awake
2026-04-04 21:21:55,1,24.8,59.3,100.45,-20.2,225,0.61,0.42,0.02,0.00,awake
2026-04-04 21:21:55,1,24.8,59.3,100.45,-20.2,225,0.61,0.42,0.02,0.00,awake
2026-04-04 21:21:55,1,24.8,59.3,100.45,-20.2,225,0.61,0.42,0.02,0.00,awake
2026-04-04 21:21:55,1,24.9,56.4,100.45,-20.2,170,0.84,0.20,0.01,0.00,awake
2026-04-04 21:21:55,1,24.9,56.4,100.45,-20.2,170,0.84,0.20,0.01,0.00,awake
2026-04-04 21:21:55,1,24.9,56.4,100.45,-20.2,170,0.84,0.20,0.01,0.00,awake
2026-04-04 21:21:55,1,24.9,56.4,100.45,-20.2,170,0.84,0.20,0.01,0.00,awake
2026-04-04 21:21:56,1,24.9,56.4,100.45,-20.2,170,0.84,0.20,0.01,0.00,awake
2026-04-04 21:21:56,1,24.9,56.4,99.53,-20.2,170,0.84,0.20,0.01,0.00,awake
2026-04-04 21:21:56,1,24.9,56.4,99.53,-20.2,170,0.84,0.20,0.01,0.00,awake
2026-04-04 21:21:56,1,24.9,56.4,99.53,-20.2,170,0.84,0.20,0.01,0.00,awake
2026-04-04 21:21:56,1,24.9,56.4,99.53,-20.2,170,0.84,0.20,0.01,0.00,awake
2026-04-04 21:21:56,1,24.9,56.4,99.53,-20.2,170,0.84,0.20,0.01,0.00,awake
2026-04-04 21:21:56,1,24.9,56.4,99.53,-20.2,241,0.81,0.17,0.03,0.00,awake
2026-04-04 21:21:56,1,24.9,56.4,94.92,-20.2,241,0.81,0.17,0.03,0.00,awake
2026-04-04 21:21:56,1,24.9,56.4,94.92,-20.2,241,0.81,0.17,0.03,0.00,awake
2026-04-04 21:21:56,0,24.9,56.4,94.92,-20.2,241,0.81,0.17,0.03,0.00,awake
2026-04-04 21:21:57,0,24.9,56.4,94.92,-20.2,241,0.81,0.17,0.03,0.00,awake
2026-04-04 21:21:57,0,24.9,56.4,94.92,-20.2,241,0.81,0.17,0.03,0.00,awake
2026-04-04 21:21:57,0,24.9,56.4,94.92,-20.2,241,0.81,0.17,0.03,0.00,awake
2026-04-04 21:21:57,0,24.9,56.4,94.00,-20.2,241,0.81,0.17,0.03,0.00,awake
2026-04-04 21:21:57,0,24.9,56.4,94.00,-20.2,241,0.81,0.17,0.03,0.00,awake
2026-04-04 21:21:57,0,24.9,56.4,93.08,-20.2,241,0.81,0.17,0.03,0.00,awake
2026-04-04 21:21:57,0,24.9,56.4,93.08,-20.2,241,0.81,0.17,0.03,0.00,awake
2026-04-04 21:21:57,0,25.0,53.6,93.08,-20.2,172,0.86,0.18,0.01,0.00,awake
2026-04-04 21:21:57,0,25.0,53.6,93.08,-20.2,172,0.86,0.18,0.01,0.00,awake
2026-04-04 21:21:57,0,25.0,53.6,93.08,-20.2,172,0.86,0.18,0.01,0.00,awake
2026-04-04 21:21:58,0,25.0,53.6,93.08,-20.2,172,0.86,0.18,0.01,0.00,awake
2026-04-04 21:21:58,0,25.0,53.6,93.08,-20.2,172,0.86,0.18,0.01,0.00,awake
2026-04-04 21:21:58,0,25.0,53.6,93.08,-20.2,172,0.86,0.18,0.01,0.00,awake
2026-04-04 21:21:58,1,25.0,53.6,93.08,-20.2,172,0.86,0.18,0.01,0.00,awake
2026-04-04 21:21:58,1,25.0,53.6,93.08,-20.2,172,0.86,0.18,0.01,0.00,awake
2026-04-04 21:21:58,1,25.0,53.6,93.08,-20.2,172,0.86,0.18,0.01,0.00,awake
2026-04-04 21:21:58,1,25.0,53.6,93.08,-20.2,172,0.86,0.18,0.01,0.00,awake
2026-04-04 21:21:58,1,25.0,53.6,93.08,-20.2,151,0.79,0.22,0.02,0.00,awake
2026-04-04 21:21:58,1,25.0,53.6,93.08,-20.2,151,0.79,0.22,0.02,0.00,awake
2026-04-04 21:21:58,1,25.0,53.6,93.08,-20.2,151,0.79,0.22,0.02,0.00,awake
2026-04-04 21:21:59,1,25.0,53.6,93.08,-20.2,151,0.79,0.22,0.02,0.00,awake
2026-04-04 21:21:59,1,25.0,53.6,93.08,-20.2,151,0.79,0.22,0.02,0.00,awake
2026-04-04 21:21:59,1,25.0,53.6,94.00,-20.2,151,0.79,0.22,0.02,0.00,awake
2026-04-04 21:21:59,1,25.0,53.6,94.00,-20.2,151,0.79,0.22,0.02,0.00,awake
2026-04-04 21:21:59,1,25.0,53.6,93.08,-20.2,151,0.79,0.22,0.02,0.00,awake
2026-04-04 21:21:59,1,25.0,53.6,93.08,-20.2,151,0.79,0.22,0.02,0.00,awake
2026-04-04 21:21:59,1,25.0,53.6,91.24,-20.2,151,0.79,0.22,0.02,0.00,awake
2026-04-04 21:21:59,1,25.0,53.6,90.32,-20.2,151,0.79,0.22,0.02,0.00,awake
2026-04-04 21:21:59,1,25.0,50.9,90.32,-20.2,235,0.61,0.37,0.03,0.00,awake
2026-04-04 21:21:59,1,25.0,50.9,89.40,-20.2,235,0.61,0.37,0.03,0.00,awake
2026-04-04 21:22:00,1,25.0,50.9,89.40,-20.2,235,0.61,0.37,0.03,0.00,awake
2026-04-04 21:22:00,1,25.0,50.9,89.40,-20.2,235,0.61,0.37,0.03,0.00,awake
2026-04-04 21:22:00,1,25.0,50.9,88.47,-20.2,235,0.61,0.37,0.03,0.00,awake
2026-04-04 21:22:00,1,25.0,50.9,87.55,-20.2,235,0.61,0.37,0.03,0.00,awake
2026-04-04 21:22:00,1,25.0,50.9,87.55,-20.2,235,0.61,0.37,0.03,0.00,awake
2026-04-04 21:22:00,1,25.0,50.9,84.79,-20.2,235,0.61,0.37,0.03,0.00,awake
2026-04-04 21:22:00,1,25.0,50.9,82.94,-20.2,235,0.61,0.37,0.03,0.00,awake
2026-04-04 21:22:00,1,25.0,50.9,68.20,-20.2,235,0.61,0.37,0.03,0.00,awake
2026-04-04 21:22:00,1,25.0,50.9,52.53,-20.2,200,0.84,0.17,0.02,0.00,awake
2026-04-04 21:22:00,1,25.0,50.9,51.61,-20.2,200,0.84,0.17,0.02,0.00,awake
2026-04-04 21:22:01,1,25.0,50.9,49.77,-20.2,200,0.84,0.17,0.02,0.00,awake
2026-04-04 21:22:01,1,25.0,50.9,49.77,-20.2,200,0.84,0.17,0.02,0.00,awake
2026-04-04 21:22:01,1,25.0,50.9,48.84,-20.2,200,0.84,0.17,0.02,0.00,awake
2026-04-04 21:22:01,1,25.0,50.9,47.92,-20.2,200,0.84,0.17,0.02,0.00,awake
2026-04-04 21:22:01,1,25.0,50.9,47.00,-20.2,200,0.84,0.17,0.02,0.00,awake
2026-04-04 21:22:01,1,25.0,50.9,46.08,-20.2,200,0.84,0.17,0.02,0.00,awake
2026-04-04 21:22:01,1,25.0,50.9,46.08,-20.2,200,0.84,0.17,0.02,0.00,awake
2026-04-04 21:22:01,1,25.0,50.9,45.16,-20.2,200,0.84,0.17,0.02,0.00,awake
2026-04-04 21:22:01,1,25.0,48.6,45.16,-20.2,195,0.75,0.27,0.02,0.00,awake
2026-04-04 21:22:01,1,25.0,48.6,44.24,-20.2,195,0.75,0.27,0.02,0.00,awake
2026-04-04 21:22:02,1,25.0,48.6,44.24,-20.2,195,0.75,0.27,0.02,0.00,awake
2026-04-04 21:22:02,1,25.0,48.6,44.24,-20.2,195,0.75,0.27,0.02,0.00,awake
2026-04-04 21:22:02,1,25.0,48.6,44.24,-20.2,195,0.75,0.27,0.02,0.00,awake
2026-04-04 21:22:02,1,25.0,48.6,44.24,-20.2,195,0.75,0.27,0.02,0.00,awake
2026-04-04 21:22:02,1,25.0,48.6,44.24,-20.2,195,0.75,0.27,0.02,0.00,awake
2026-04-04 21:22:02,1,25.0,48.6,44.24,-20.2,195,0.75,0.27,0.02,0.00,awake
2026-04-04 21:22:02,1,25.0,48.6,44.24,-20.2,195,0.75,0.27,0.02,0.00,awake
2026-04-04 21:22:02,1,25.0,48.6,43.32,-20.2,195,0.75,0.27,0.02,0.00,awake
2026-04-04 21:22:02,1,25.0,48.6,43.32,-20.2,195,0.75,0.27,0.02,0.00,awake
2026-04-04 21:22:03,1,25.0,47.4,43.32,-20.2,203,0.79,0.22,0.02,0.00,awake
2026-04-04 21:22:03,1,25.0,47.4,43.32,-20.2,203,0.79,0.22,0.02,0.00,awake
2026-04-04 21:22:03,1,25.0,47.4,42.39,-20.2,203,0.79,0.22,0.02,0.00,awake
2026-04-04 21:22:03,1,25.0,47.4,42.39,-20.2,203,0.79,0.22,0.02,0.00,awake
2026-04-04 21:22:03,1,25.0,47.4,42.39,-20.2,203,0.79,0.22,0.02,0.00,awake
2026-04-04 21:22:03,1,25.0,47.4,43.32,-20.2,203,0.79,0.22,0.02,0.00,awake
2026-04-04 21:22:03,1,25.0,47.4,43.32,-20.2,203,0.79,0.22,0.02,0.00,awake
2026-04-04 21:22:03,0,25.0,47.4,43.32,-20.2,203,0.79,0.22,0.02,0.00,awake
2026-04-04 21:22:03,0,25.0,47.4,316.11,-20.2,203,0.79,0.22,0.02,0.00,awake
2026-04-04 21:22:03,0,25.0,47.4,623.92,-20.2,203,0.79,0.22,0.02,0.00,awake
2026-04-04 21:22:04,0,25.0,47.4,765.85,-20.2,176,0.59,0.44,0.01,0.00,awake
2026-04-04 21:22:04,0,25.0,47.4,821.15,-20.2,176,0.59,0.44,0.01,0.00,awake
2026-04-04 21:22:04,0,25.0,47.4,881.05,-20.2,176,0.59,0.44,0.01,0.00,awake
2026-04-04 21:22:04,0,25.0,47.4,925.29,-20.2,176,0.59,0.44,0.01,0.00,awake
2026-04-04 21:22:04,0,25.0,47.4,938.19,-20.2,176,0.59,0.44,0.01,0.00,awake
2026-04-04 21:22:04,0,25.0,47.4,960.31,-20.2,176,0.59,0.44,0.01,0.00,awake
2026-04-04 21:22:04,0,25.0,47.4,985.19,-20.2,176,0.59,0.44,0.01,0.00,awake
2026-04-04 21:22:04,0,25.0,47.4,1034.96,-20.2,176,0.59,0.44,0.01,0.00,awake
2026-04-04 21:22:04,0,25.0,47.4,1056.15,-20.2,176,0.59,0.44,0.01,0.00,awake
2026-04-04 21:22:04,0,25.0,47.4,1022.98,-20.2,176,0.59,0.44,0.01,0.00,awake
2026-04-04 21:22:05,0,25.0,45.3,1024.82,-20.2,240,0.57,0.49,0.02,0.00,awake
2026-04-04 21:22:05,0,25.0,45.3,1017.45,-20.2,240,0.57,0.49,0.02,0.00,awake
2026-04-04 21:22:05,0,25.0,45.3,1007.31,-20.2,240,0.57,0.49,0.02,0.00,awake
2026-04-04 21:22:05,0,25.0,45.3,1008.23,-20.2,240,0.57,0.49,0.02,0.00,awake
2026-04-04 21:22:05,0,25.0,45.3,1001.78,-20.2,240,0.57,0.49,0.02,0.00,awake
2026-04-04 21:22:05,0,25.0,45.3,995.33,-20.2,240,0.57,0.49,0.02,0.00,awake
2026-04-04 21:22:05,0,25.0,45.3,1002.70,-20.2,240,0.57,0.49,0.02,0.00,awake
2026-04-04 21:22:05,0,25.0,45.3,1022.05,-20.2,240,0.57,0.49,0.02,0.00,awake
2026-04-04 21:22:05,0,25.0,45.3,1005.47,-20.2,240,0.57,0.49,0.02,0.00,awake
2026-04-04 21:22:05,0,25.0,45.3,1001.78,-20.2,240,0.57,0.49,0.02,0.00,awake
2026-04-04 21:22:06,0,25.0,45.3,1006.39,-20.2,129,0.87,0.16,0.00,0.00,awake
2026-04-04 21:22:06,0,25.0,45.3,976.90,-20.2,129,0.87,0.16,0.00,0.00,awake
2026-04-04 21:22:06,0,25.0,45.3,563.10,-20.2,129,0.87,0.16,0.00,0.00,awake
2026-04-04 21:22:06,0,25.0,45.3,159.44,-20.2,129,0.87,0.16,0.00,0.00,awake
2026-04-04 21:22:06,0,25.0,45.3,58.06,-20.2,129,0.87,0.16,0.00,0.00,awake
2026-04-04 21:22:06,0,25.0,45.3,44.24,-20.2,129,0.87,0.16,0.00,0.00,awake
2026-04-04 21:22:06,0,25.0,45.3,45.16,-20.2,129,0.87,0.16,0.00,0.00,awake
2026-04-04 21:22:06,1,25.0,45.3,46.08,-20.2,129,0.87,0.16,0.00,0.00,awake
2026-04-04 21:22:06,1,25.0,45.3,47.92,-20.2,129,0.87,0.16,0.00,0.00,awake
2026-04-04 21:22:06,1,25.0,45.3,49.77,-20.2,129,0.87,0.16,0.00,0.00,awake
2026-04-04 21:22:06,1,25.0,45.3,60.83,-20.2,129,0.87,0.16,0.00,0.00,awake
2026-04-04 21:22:07,1,25.0,43.5,60.83,-20.2,154,0.64,0.36,0.01,0.00,awake
2026-04-04 21:22:07,1,25.0,43.5,65.43,-20.2,154,0.64,0.36,0.01,0.00,awake
2026-04-04 21:22:07,1,25.0,43.5,60.83,-20.2,154,0.64,0.36,0.01,0.00,awake
2026-04-04 21:22:07,1,25.0,43.5,62.67,-20.2,154,0.64,0.36,0.01,0.00,awake
2026-04-04 21:22:07,1,25.0,43.5,77.41,-20.2,154,0.64,0.36,0.01,0.00,awake
2026-04-04 21:22:07,1,25.0,43.5,86.63,-20.2,154,0.64,0.36,0.01,0.00,awake
2026-04-04 21:22:07,1,25.0,43.5,89.40,-20.2,154,0.64,0.36,0.01,0.00,awake
2026-04-04 21:22:07,1,25.0,43.5,90.32,-20.2,154,0.64,0.36,0.01,0.00,awake
2026-04-04 21:22:07,1,25.0,43.5,91.24,-20.2,154,0.64,0.36,0.01,0.00,awake
2026-04-04 21:22:07,1,25.0,43.5,91.24,-20.2,154,0.64,0.36,0.01,0.00,awake
2026-04-04 21:22:08,1,25.0,43.5,91.24,-20.2,154,0.64,0.36,0.01,0.00,awake
2026-04-04 21:22:08,1,25.0,42.5,91.24,-20.1,176,0.76,0.28,0.01,0.00,awake
2026-04-04 21:22:08,1,25.0,42.5,91.24,-20.1,176,0.76,0.28,0.01,0.00,awake
2026-04-04 21:22:08,1,25.0,42.5,91.24,-20.1,176,0.76,0.28,0.01,0.00,awake
2026-04-04 21:22:08,1,25.0,42.5,91.24,-20.1,176,0.76,0.28,0.01,0.00,awake
2026-04-04 21:22:08,1,25.0,42.5,91.24,-20.1,176,0.76,0.28,0.01,0.00,awake
2026-04-04 21:22:08,1,25.0,42.5,91.24,-20.1,176,0.76,0.28,0.01,0.00,awake
2026-04-04 21:22:08,1,25.0,42.5,91.24,-20.1,176,0.76,0.28,0.01,0.00,awake
2026-04-04 21:22:08,1,25.0,42.5,91.24,-20.1,176,0.76,0.28,0.01,0.00,awake
2026-04-04 21:22:08,1,25.0,42.5,91.24,-20.1,176,0.76,0.28,0.01,0.00,awake
2026-04-04 21:22:09,1,25.0,42.5,91.24,-20.1,176,0.76,0.28,0.01,0.00,awake
2026-04-04 21:22:09,1,25.0,42.5,91.24,-20.2,190,0.85,0.14,0.02,0.00,awake
2026-04-04 21:22:09,1,25.0,42.5,91.24,-20.2,190,0.85,0.14,0.02,0.00,awake
2026-04-04 21:22:09,1,25.0,42.5,91.24,-20.2,190,0.85,0.14,0.02,0.00,awake
2026-04-04 21:22:09,1,25.0,42.5,96.77,-20.2,190,0.85,0.14,0.02,0.00,awake
2026-04-04 21:22:09,1,25.0,42.5,96.77,-20.2,190,0.85,0.14,0.02,0.00,awake
2026-04-04 21:22:09,1,25.0,42.5,96.77,-20.2,190,0.85,0.14,0.02,0.00,awake
2026-04-04 21:22:09,1,25.0,42.5,96.77,-20.2,190,0.85,0.14,0.02,0.00,awake
2026-04-04 21:22:09,1,25.0,42.5,96.77,-20.2,190,0.85,0.14,0.02,0.00,awake
2026-04-04 21:22:09,1,25.0,42.5,96.77,-20.2,190,0.85,0.14,0.02,0.00,awake
2026-04-04 21:22:10,1,25.0,42.5,96.77,-20.2,190,0.85,0.14,0.02,0.00,awake
2026-04-04 21:22:10,1,25.0,40.9,95.85,-20.2,169,0.71,0.31,0.01,0.00,awake
2026-04-04 21:22:10,1,25.0,40.9,95.85,-20.2,169,0.71,0.31,0.01,0.00,awake
2026-04-04 21:22:10,1,25.0,40.9,95.85,-20.2,169,0.71,0.31,0.01,0.00,awake
2026-04-04 21:22:10,1,25.0,40.9,95.85,-20.2,169,0.71,0.31,0.01,0.00,awake
2026-04-04 21:22:10,1,25.0,40.9,95.85,-20.2,169,0.71,0.31,0.01,0.00,awake
2026-04-04 21:22:10,1,25.0,40.9,94.92,-20.2,169,0.71,0.31,0.01,0.00,awake
2026-04-04 21:22:10,1,25.0,40.9,94.00,-20.2,169,0.71,0.31,0.01,0.00,awake
2026-04-04 21:22:10,1,25.0,40.9,89.40,-20.2,169,0.71,0.31,0.01,0.00,awake
2026-04-04 21:22:10,0,25.0,40.9,90.32,-20.2,169,0.71,0.31,0.01,0.00,awake
2026-04-04 21:22:11,0,25.0,40.9,91.24,-20.2,169,0.71,0.31,0.01,0.00,awake
2026-04-04 21:22:11,0,25.0,40.9,91.24,-20.2,143,0.86,0.14,0.01,0.00,awake
2026-04-04 21:22:11,0,25.0,40.9,88.47,-20.2,143,0.86,0.14,0.01,0.00,awake
2026-04-04 21:22:11,0,25.0,40.9,88.47,-20.2,143,0.86,0.14,0.01,0.00,awake
2026-04-04 21:22:11,0,25.0,40.9,88.47,-20.2,143,0.86,0.14,0.01,0.00,awake
2026-04-04 21:22:11,0,25.0,40.9,88.47,-20.2,143,0.86,0.14,0.01,0.00,awake
2026-04-04 21:22:11,0,25.0,40.9,88.47,-20.2,143,0.86,0.14,0.01,0.00,awake
2026-04-04 21:22:11,0,25.0,40.9,88.47,-20.2,143,0.86,0.14,0.01,0.00,awake
2026-04-04 21:22:11,0,25.0,40.9,88.47,-20.2,143,0.86,0.14,0.01,0.00,awake
2026-04-04 21:22:11,0,25.0,40.9,88.47,-20.2,143,0.86,0.14,0.01,0.00,awake
2026-04-04 21:22:12,1,25.0,40.9,88.47,-20.2,143,0.86,0.14,0.01,0.00,awake
2026-04-04 21:22:12,1,25.0,39.5,89.40,-20.2,159,0.73,0.33,0.01,0.00,awake
2026-04-04 21:22:12,1,25.0,39.5,88.47,-20.2,159,0.73,0.33,0.01,0.00,awake
2026-04-04 21:22:12,1,25.0,39.5,86.63,-20.2,159,0.73,0.33,0.01,0.00,awake
2026-04-04 21:22:12,1,25.0,39.5,56.22,-20.2,159,0.73,0.33,0.01,0.00,awake
2026-04-04 21:22:12,1,25.0,39.5,91.24,-20.2,159,0.73,0.33,0.01,0.00,awake
2026-04-04 21:22:12,1,25.0,39.5,91.24,-20.2,159,0.73,0.33,0.01,0.00,awake
2026-04-04 21:22:12,1,25.0,39.5,92.16,-20.2,159,0.73,0.33,0.01,0.00,awake
2026-04-04 21:22:12,1,25.0,39.5,93.08,-20.2,159,0.73,0.33,0.01,0.00,awake
2026-04-04 21:22:12,1,25.0,39.5,93.08,-20.2,159,0.73,0.33,0.01,0.00,awake
2026-04-04 21:22:13,1,25.0,39.5,93.08,-20.2,159,0.73,0.33,0.01,0.00,awake
2026-04-04 21:22:13,1,25.0,39.5,93.08,-20.2,248,0.79,0.28,0.03,0.00,awake
2026-04-04 21:22:13,1,25.0,39.5,93.08,-20.2,248,0.79,0.28,0.03,0.00,awake
2026-04-04 21:22:13,1,25.0,39.5,93.08,-20.2,248,0.79,0.28,0.03,0.00,awake
2026-04-04 21:22:13,1,25.0,39.5,93.08,-20.2,248,0.79,0.28,0.03,0.00,awake
2026-04-04 21:22:13,1,25.0,39.5,93.08,-20.2,248,0.79,0.28,0.03,0.00,awake
2026-04-04 21:22:13,1,25.0,39.5,93.08,-20.2,248,0.79,0.28,0.03,0.00,awake
2026-04-04 21:22:13,1,25.0,39.5,94.00,-20.2,248,0.79,0.28,0.03,0.00,awake
2026-04-04 21:22:13,1,25.0,39.5,94.00,-20.2,248,0.79,0.28,0.03,0.00,awake
2026-04-04 21:22:13,1,25.0,39.5,94.92,-20.2,248,0.79,0.28,0.03,0.00,awake
2026-04-04 21:22:14,1,25.0,39.5,95.85,-20.2,248,0.79,0.28,0.03,0.00,awake
2026-04-04 21:22:14,1,25.0,38.1,95.85,-20.1,289,0.71,0.26,0.05,0.00,awake
2026-04-04 21:22:14,1,25.0,38.1,95.85,-20.1,289,0.71,0.26,0.05,0.00,awake
2026-04-04 21:22:14,1,25.0,38.1,95.85,-20.1,289,0.71,0.26,0.05,0.00,awake
2026-04-04 21:22:14,1,25.0,38.1,95.85,-20.1,289,0.71,0.26,0.05,0.00,awake
2026-04-04 21:22:14,1,25.0,38.1,94.92,-20.1,289,0.71,0.26,0.05,0.00,awake
2026-04-04 21:22:14,1,25.0,38.1,93.08,-20.1,289,0.71,0.26,0.05,0.00,awake
2026-04-04 21:22:14,1,25.0,38.1,91.24,-20.1,289,0.71,0.26,0.05,0.00,awake
2026-04-04 21:22:14,1,25.0,38.1,84.79,-20.1,289,0.71,0.26,0.05,0.00,awake
2026-04-04 21:22:14,1,25.0,38.1,68.20,-20.1,289,0.71,0.26,0.05,0.00,awake
2026-04-04 21:22:15,1,25.0,38.1,62.67,-20.1,289,0.71,0.26,0.05,0.00,awake
2026-04-04 21:22:15,1,25.0,38.1,62.67,-20.1,194,0.60,0.41,0.01,0.00,awake
2026-04-04 21:22:15,1,25.0,38.1,67.28,-20.1,194,0.60,0.41,0.01,0.00,awake
2026-04-04 21:22:15,1,25.0,38.1,78.34,-20.1,194,0.60,0.41,0.01,0.00,awake
2026-04-04 21:22:15,1,25.0,38.1,83.87,-20.1,194,0.60,0.41,0.01,0.00,awake
2026-04-04 21:22:15,1,25.0,38.1,89.40,-20.1,194,0.60,0.41,0.01,0.00,awake
2026-04-04 21:22:15,1,25.0,38.1,91.24,-20.1,194,0.60,0.41,0.01,0.00,awake
2026-04-04 21:22:15,1,25.0,38.1,93.08,-20.1,194,0.60,0.41,0.01,0.00,awake
2026-04-04 21:22:15,1,25.0,38.1,93.08,-20.1,194,0.60,0.41,0.01,0.00,awake
2026-04-04 21:22:15,1,25.0,38.1,94.00,-20.1,194,0.60,0.41,0.01,0.00,awake
2026-04-04 21:22:16,1,25.0,38.1,94.92,-20.1,194,0.60,0.41,0.01,0.00,awake
2026-04-04 21:22:16,1,25.0,38.1,94.92,-20.1,194,0.60,0.41,0.01,0.00,awake
2026-04-04 21:22:16,1,25.0,36.7,94.92,-20.2,177,0.83,0.17,0.01,0.00,awake
2026-04-04 21:22:16,1,25.0,36.7,95.85,-20.2,177,0.83,0.17,0.01,0.00,awake
2026-04-04 21:22:16,1,25.0,36.7,95.85,-20.2,177,0.83,0.17,0.01,0.00,awake
2026-04-04 21:22:16,1,25.0,36.7,95.85,-20.2,177,0.83,0.17,0.01,0.00,awake
2026-04-04 21:22:16,1,25.0,36.7,95.85,-20.2,177,0.83,0.17,0.01,0.00,awake
2026-04-04 21:22:16,1,25.0,36.7,94.92,-20.2,177,0.83,0.17,0.01,0.00,awake
2026-04-04 21:22:16,1,25.0,36.7,95.85,-20.2,177,0.83,0.17,0.01,0.00,awake
2026-04-04 21:22:16,1,25.0,36.7,94.92,-20.2,177,0.83,0.17,0.01,0.00,awake
2026-04-04 21:22:17,1,25.0,36.7,94.92,-20.2,177,0.83,0.17,0.01,0.00,awake
2026-04-04 21:22:17,1,25.0,36.7,94.92,-20.2,177,0.83,0.17,0.01,0.00,awake
2026-04-04 21:22:17,1,25.0,36.7,94.92,-20.2,198,0.85,0.13,0.04,0.00,awake
2026-04-04 21:22:17,1,25.0,36.7,94.92,-20.2,198,0.85,0.13,0.04,0.00,awake
2026-04-04 21:22:17,1,25.0,36.7,94.00,-20.2,198,0.85,0.13,0.04,0.00,awake
2026-04-04 21:22:17,1,25.0,36.7,94.92,-20.2,198,0.85,0.13,0.04,0.00,awake
2026-04-04 21:22:17,1,25.0,36.7,94.92,-20.2,198,0.85,0.13,0.04,0.00,awake
2026-04-04 21:22:17,1,25.0,36.7,94.92,-20.2,198,0.85,0.13,0.04,0.00,awake
2026-04-04 21:22:17,1,25.0,36.7,94.92,-20.2,198,0.85,0.13,0.04,0.00,awake
2026-04-04 21:22:17,1,25.0,36.7,94.92,-20.2,198,0.85,0.13,0.04,0.00,awake
2026-04-04 21:22:18,1,25.0,36.7,94.92,-20.2,198,0.85,0.13,0.04,0.00,awake
2026-04-04 21:22:18,1,25.0,36.7,94.92,-20.2,198,0.85,0.13,0.04,0.00,awake
2026-04-04 21:22:18,1,25.0,35.8,94.92,-20.1,248,0.62,0.40,0.03,0.00,awake
2026-04-04 21:22:18,1,25.0,35.8,70.96,-20.1,248,0.62,0.40,0.03,0.00,awake
2026-04-04 21:22:18,1,25.0,35.8,74.65,-20.1,248,0.62,0.40,0.03,0.00,awake
2026-04-04 21:22:18,1,25.0,35.8,73.73,-20.1,248,0.62,0.40,0.03,0.00,awake
2026-04-04 21:22:18,1,25.0,35.8,73.73,-20.1,248,0.62,0.40,0.03,0.00,awake
2026-04-04 21:22:18,1,25.0,35.8,71.88,-20.1,248,0.62,0.40,0.03,0.00,awake
2026-04-04 21:22:18,1,25.0,35.8,50.69,-20.1,248,0.62,0.40,0.03,0.00,awake
2026-04-04 21:22:18,1,25.0,35.8,91.24,-20.1,248,0.62,0.40,0.03,0.00,awake
2026-04-04 21:22:19,1,25.0,35.8,94.92,-20.1,248,0.62,0.40,0.03,0.00,awake
2026-04-04 21:22:19,1,25.0,35.8,94.92,-20.1,248,0.62,0.40,0.03,0.00,awake
2026-04-04 21:22:19,1,25.0,35.8,93.08,-20.1,248,0.62,0.40,0.03,0.00,awake
2026-04-04 21:22:19,1,25.0,35.2,83.87,-20.7,212,0.86,0.17,0.02,0.00,awake
2026-04-04 21:22:19,1,25.0,35.2,82.94,-20.7,212,0.86,0.17,0.02,0.00,awake
2026-04-04 21:22:19,1,25.0,35.2,85.71,-20.7,212,0.86,0.17,0.02,0.00,awake
2026-04-04 21:22:19,1,25.0,35.2,89.40,-20.7,212,0.86,0.17,0.02,0.00,awake
2026-04-04 21:22:19,1,25.0,35.2,95.85,-20.7,212,0.86,0.17,0.02,0.00,awake
2026-04-04 21:22:19,1,25.0,35.2,97.69,-20.7,212,0.86,0.17,0.02,0.00,awake
2026-04-04 21:22:19,1,25.0,35.2,99.53,-20.7,212,0.86,0.17,0.02,0.00,awake
2026-04-04 21:22:20,1,25.0,35.2,99.53,-20.7,212,0.86,0.17,0.02,0.00,awake
2026-04-04 21:22:20,1,25.0,35.2,99.53,-20.7,212,0.86,0.17,0.02,0.00,awake
2026-04-04 21:22:20,1,25.0,35.2,99.53,-20.7,212,0.86,0.17,0.02,0.00,awake
2026-04-04 21:22:20,1,25.0,35.2,99.53,-20.5,214,0.68,0.34,0.02,0.00,awake
2026-04-04 21:22:20,1,25.0,35.2,99.53,-20.5,214,0.68,0.34,0.02,0.00,awake
2026-04-04 21:22:20,1,25.0,35.2,98.61,-20.5,214,0.68,0.34,0.02,0.00,awake
2026-04-04 21:22:20,1,25.0,35.2,98.61,-20.5,214,0.68,0.34,0.02,0.00,awake
2026-04-04 21:22:20,1,25.0,35.2,98.61,-20.5,214,0.68,0.34,0.02,0.00,awake
2026-04-04 21:22:20,1,25.0,35.2,98.61,-20.5,214,0.68,0.34,0.02,0.00,awake
2026-04-04 21:22:20,1,25.0,35.2,97.69,-20.5,214,0.68,0.34,0.02,0.00,awake
2026-04-04 21:22:21,1,25.0,35.2,94.00,-20.5,214,0.68,0.34,0.02,0.00,awake
2026-04-04 21:22:21,1,25.0,35.2,74.65,-20.5,214,0.68,0.34,0.02,0.00,awake
2026-04-04 21:22:21,1,25.0,35.2,60.83,-20.5,214,0.68,0.34,0.02,0.00,awake
2026-04-04 21:22:21,1,25.0,35.2,56.22,-20.5,214,0.68,0.34,0.02,0.00,awake
2026-04-04 21:22:21,1,25.0,34.2,65.43,-20.4,167,0.83,0.20,0.02,0.00,awake
2026-04-04 21:22:21,1,25.0,34.2,75.57,-20.4,167,0.83,0.20,0.02,0.00,awake
2026-04-04 21:22:21,1,25.0,34.2,87.55,-20.4,167,0.83,0.20,0.02,0.00,awake
2026-04-04 21:22:21,1,25.0,34.2,90.32,-20.4,167,0.83,0.20,0.02,0.00,awake
2026-04-04 21:22:21,1,25.0,34.2,89.40,-20.4,167,0.83,0.20,0.02,0.00,awake
2026-04-04 21:22:21,1,25.0,34.2,88.47,-20.4,167,0.83,0.20,0.02,0.00,awake
2026-04-04 21:22:22,1,25.0,34.2,87.55,-20.4,167,0.83,0.20,0.02,0.00,awake
2026-04-04 21:22:22,1,25.0,34.2,92.16,-20.4,167,0.83,0.20,0.02,0.00,awake
2026-04-04 21:22:22,1,25.0,34.2,93.08,-20.4,167,0.83,0.20,0.02,0.00,awake
2026-04-04 21:22:22,1,25.0,34.2,93.08,-20.4,167,0.83,0.20,0.02,0.00,awake
2026-04-04 21:22:22,1,25.0,34.2,92.16,-20.3,358,0.55,0.42,0.03,0.00,awake
2026-04-04 21:22:22,1,25.0,34.2,92.16,-20.3,358,0.55,0.42,0.03,0.00,awake
2026-04-04 21:22:22,1,25.0,34.2,93.08,-20.3,358,0.55,0.42,0.03,0.00,awake
2026-04-04 21:22:22,1,25.0,34.2,95.85,-20.3,358,0.55,0.42,0.03,0.00,awake
2026-04-04 21:22:22,1,25.0,34.2,92.16,-20.3,358,0.55,0.42,0.03,0.00,awake
2026-04-04 21:22:22,1,25.0,34.2,89.40,-20.3,358,0.55,0.42,0.03,0.00,awake
2026-04-04 21:22:23,1,25.0,34.2,92.16,-20.3,358,0.55,0.42,0.03,0.00,awake
2026-04-04 21:22:23,1,25.0,34.2,91.24,-20.3,358,0.55,0.42,0.03,0.00,awake
2026-04-04 21:22:23,1,25.0,34.2,92.16,-20.3,358,0.55,0.42,0.03,0.00,awake
2026-04-04 21:22:23,1,25.0,34.2,91.24,-20.3,358,0.55,0.42,0.03,0.00,awake
2026-04-04 21:22:23,1,24.9,33.4,90.32,-20.3,128,0.85,0.14,0.01,0.00,awake
2026-04-04 21:22:23,1,24.9,33.4,87.55,-20.3,128,0.85,0.14,0.01,0.00,awake
2026-04-04 21:22:23,1,24.9,33.4,87.55,-20.3,128,0.85,0.14,0.01,0.00,awake
2026-04-04 21:22:23,1,24.9,33.4,93.08,-20.3,128,0.85,0.14,0.01,0.00,awake
2026-04-04 21:22:23,1,24.9,33.4,93.08,-20.3,128,0.85,0.14,0.01,0.00,awake
2026-04-04 21:22:23,1,24.9,33.4,94.00,-20.3,128,0.85,0.14,0.01,0.00,awake
2026-04-04 21:22:24,1,24.9,33.4,94.92,-20.3,128,0.85,0.14,0.01,0.00,awake
2026-04-04 21:22:24,1,24.9,33.4,94.00,-20.3,128,0.85,0.14,0.01,0.00,awake
2026-04-04 21:22:24,1,24.9,33.4,93.08,-20.3,128,0.85,0.14,0.01,0.00,awake
2026-04-04 21:22:24,1,24.9,33.4,92.16,-20.3,128,0.85,0.14,0.01,0.00,awake
2026-04-04 21:22:24,1,24.9,33.4,92.16,-20.2,105,0.94,0.06,0.01,0.00,awake
2026-04-04 21:22:24,1,24.9,33.4,94.00,-20.2,105,0.94,0.06,0.01,0.00,awake
2026-04-04 21:22:24,1,24.9,33.4,94.00,-20.2,105,0.94,0.06,0.01,0.00,awake
2026-04-04 21:22:24,1,24.9,33.4,94.92,-20.2,105,0.94,0.06,0.01,0.00,awake
2026-04-04 21:22:24,1,24.9,33.4,94.92,-20.2,105,0.94,0.06,0.01,0.00,awake
2026-04-04 21:22:24,1,24.9,33.4,94.92,-20.2,105,0.94,0.06,0.01,0.00,awake
2026-04-04 21:22:25,1,24.9,33.4,94.92,-20.2,105,0.94,0.06,0.01,0.00,awake
2026-04-04 21:22:25,1,24.9,33.4,94.92,-20.2,105,0.94,0.06,0.01,0.00,awake
2026-04-04 21:22:25,1,24.9,33.4,94.92,-20.2,105,0.94,0.06,0.01,0.00,awake
2026-04-04 21:22:25,1,24.9,33.4,94.92,-20.2,105,0.94,0.06,0.01,0.00,awake
2026-04-04 21:22:25,1,24.9,32.6,95.85,-20.3,192,0.85,0.14,0.01,0.00,awake
2026-04-04 21:22:25,1,24.9,32.6,94.00,-20.3,192,0.85,0.14,0.01,0.00,awake
2026-04-04 21:22:25,1,24.9,32.6,94.00,-20.3,192,0.85,0.14,0.01,0.00,awake
2026-04-04 21:22:25,1,24.9,32.6,94.00,-20.3,192,0.85,0.14,0.01,0.00,awake
2026-04-04 21:22:25,1,24.9,32.6,94.00,-20.3,192,0.85,0.14,0.01,0.00,awake
2026-04-04 21:22:25,1,24.9,32.6,94.92,-20.3,192,0.85,0.14,0.01,0.00,awake
2026-04-04 21:22:26,1,24.9,32.6,94.92,-20.3,192,0.85,0.14,0.01,0.00,awake
2026-04-04 21:22:26,1,24.9,32.6,95.85,-20.3,192,0.85,0.14,0.01,0.00,awake
2026-04-04 21:22:26,1,24.9,32.6,95.85,-20.3,192,0.85,0.14,0.01,0.00,awake
2026-04-04 21:22:26,1,24.9,32.6,95.85,-20.3,192,0.85,0.14,0.01,0.00,awake
2026-04-04 21:22:26,1,24.9,32.6,94.00,-20.3,238,0.70,0.29,0.04,0.00,awake
2026-04-04 21:22:26,1,24.9,32.6,93.08,-20.3,238,0.70,0.29,0.04,0.00,awake
2026-04-04 21:22:26,1,24.9,32.6,94.00,-20.3,238,0.70,0.29,0.04,0.00,awake
2026-04-04 21:22:26,1,24.9,32.6,95.85,-20.3,238,0.70,0.29,0.04,0.00,awake
2026-04-04 21:22:26,1,24.9,32.6,94.92,-20.3,238,0.70,0.29,0.04,0.00,awake
2026-04-04 21:22:26,1,24.9,32.6,95.85,-20.3,238,0.70,0.29,0.04,0.00,awake
2026-04-04 21:22:27,1,24.9,32.6,94.00,-20.3,238,0.70,0.29,0.04,0.00,awake
2026-04-04 21:22:27,1,24.9,32.6,94.92,-20.3,238,0.70,0.29,0.04,0.00,awake
2026-04-04 21:22:27,1,24.9,32.6,94.00,-20.3,238,0.70,0.29,0.04,0.00,awake
2026-04-04 21:22:27,1,24.9,32.6,93.08,-20.3,238,0.70,0.29,0.04,0.00,awake
2026-04-04 21:22:27,1,24.9,32.6,94.92,-20.3,238,0.70,0.29,0.04,0.00,awake
2026-04-04 21:22:27,1,24.9,31.8,95.85,-20.2,203,0.74,0.26,0.02,0.00,awake
2026-04-04 21:22:27,1,24.9,31.8,94.92,-20.2,203,0.74,0.26,0.02,0.00,awake
2026-04-04 21:22:27,1,24.9,31.8,94.00,-20.2,203,0.74,0.26,0.02,0.00,awake
2026-04-04 21:22:27,0,24.9,31.8,94.92,-20.2,203,0.74,0.26,0.02,0.00,awake
2026-04-04 21:22:27,0,24.9,31.8,92.16,-20.2,203,0.74,0.26,0.02,0.00,awake
2026-04-04 21:22:28,0,24.9,31.8,94.00,-20.2,203,0.74,0.26,0.02,0.00,awake
2026-04-04 21:22:28,0,24.9,31.8,94.92,-20.2,203,0.74,0.26,0.02,0.00,awake
2026-04-04 21:22:28,0,24.9,31.8,94.92,-20.2,203,0.74,0.26,0.02,0.00,awake
2026-04-04 21:22:28,0,24.9,31.8,94.92,-20.2,203,0.74,0.26,0.02,0.00,awake
2026-04-04 21:22:28,0,24.9,31.8,94.92,-20.2,203,0.74,0.26,0.02,0.00,awake
2026-04-04 21:22:28,0,24.9,31.8,92.16,-20.2,170,0.76,0.28,0.01,0.00,awake
2026-04-04 21:22:28,0,24.9,31.8,92.16,-20.2,170,0.76,0.28,0.01,0.00,awake
2026-04-04 21:22:28,0,24.9,31.8,94.92,-20.2,170,0.76,0.28,0.01,0.00,awake
2026-04-04 21:22:28,0,24.9,31.8,94.92,-20.2,170,0.76,0.28,0.01,0.00,awake
2026-04-04 21:22:28,0,24.9,31.8,94.00,-20.2,170,0.76,0.28,0.01,0.00,awake
2026-04-04 21:22:29,0,24.9,31.8,93.08,-20.2,170,0.76,0.28,0.01,0.00,awake
2026-04-04 21:22:29,0,24.9,31.8,92.16,-20.2,170,0.76,0.28,0.01,0.00,awake
2026-04-04 21:22:29,0,24.9,31.8,94.00,-20.2,170,0.76,0.28,0.01,0.00,awake
2026-04-04 21:22:29,0,24.9,31.8,93.08,-20.2,170,0.76,0.28,0.01,0.00,awake
2026-04-04 21:22:29,1,24.9,31.8,94.92,-20.2,170,0.76,0.28,0.01,0.00,awake
2026-04-04 21:22:29,1,24.9,31.8,94.00,-20.2,170,0.76,0.28,0.01,0.00,awake
2026-04-04 21:22:29,1,24.9,31.2,94.00,-20.2,194,0.69,0.33,0.02,0.00,awake
2026-04-04 21:22:29,1,24.9,31.2,92.16,-20.2,194,0.69,0.33,0.02,0.00,awake
2026-04-04 21:22:29,1,24.9,31.2,93.08,-20.2,194,0.69,0.33,0.02,0.00,awake
2026-04-04 21:22:29,1,24.9,31.2,94.00,-20.2,194,0.69,0.33,0.02,0.00,awake
2026-04-04 21:22:30,1,24.9,31.2,92.16,-20.2,194,0.69,0.33,0.02,0.00,awake
2026-04-04 21:22:30,1,24.9,31.2,92.16,-20.2,194,0.69,0.33,0.02,0.00,awake
2026-04-04 21:22:30,1,24.9,31.2,92.16,-20.2,194,0.69,0.33,0.02,0.00,awake
2026-04-04 21:22:30,1,24.9,31.2,92.16,-20.2,194,0.69,0.33,0.02,0.00,awake
2026-04-04 21:22:30,1,24.9,31.2,92.16,-20.2,194,0.69,0.33,0.02,0.00,awake
2026-04-04 21:22:30,1,24.9,31.2,92.16,-20.2,194,0.69,0.33,0.02,0.00,awake
2026-04-04 21:22:30,1,24.9,31.2,92.16,-20.2,188,0.77,0.21,0.01,0.00,awake
2026-04-04 21:22:30,1,24.9,31.2,92.16,-20.2,188,0.77,0.21,0.01,0.00,awake
2026-04-04 21:22:30,1,24.9,31.2,92.16,-20.2,188,0.77,0.21,0.01,0.00,awake
2026-04-04 21:22:30,0,24.9,31.2,92.16,-20.2,188,0.77,0.21,0.01,0.00,awake
2026-04-04 21:22:31,0,24.9,31.2,92.16,-20.2,188,0.77,0.21,0.01,0.00,awake
2026-04-04 21:22:31,0,24.9,31.2,92.16,-20.2,188,0.77,0.21,0.01,0.00,awake
2026-04-04 21:22:31,0,24.9,31.2,92.16,-20.2,188,0.77,0.21,0.01,0.00,awake
2026-04-04 21:22:31,0,24.9,31.2,92.16,-20.2,188,0.77,0.21,0.01,0.00,awake
2026-04-04 21:22:31,0,24.9,31.2,92.16,-20.2,188,0.77,0.21,0.01,0.00,awake
2026-04-04 21:22:31,0,24.9,31.2,92.16,-20.2,188,0.77,0.21,0.01,0.00,awake
2026-04-04 21:22:31,0,24.9,30.5,92.16,-20.2,138,0.81,0.18,0.01,0.00,awake
2026-04-04 21:22:31,0,24.9,30.5,92.16,-20.2,138,0.81,0.18,0.01,0.00,awake
2026-04-04 21:22:31,0,24.9,30.5,92.16,-20.2,138,0.81,0.18,0.01,0.00,awake
2026-04-04 21:22:31,0,24.9,30.5,92.16,-20.2,138,0.81,0.18,0.01,0.00,awake
2026-04-04 21:22:32,0,24.9,30.5,92.16,-20.2,138,0.81,0.18,0.01,0.00,awake
2026-04-04 21:22:32,0,24.9,30.5,92.16,-20.2,138,0.81,0.18,0.01,0.00,awake
2026-04-04 21:22:32,0,24.9,30.5,92.16,-20.2,138,0.81,0.18,0.01,0.00,awake
2026-04-04 21:22:32,0,24.9,30.5,92.16,-20.2,138,0.81,0.18,0.01,0.00,awake
2026-04-04 21:22:32,0,24.9,30.5,92.16,-20.2,138,0.81,0.18,0.01,0.00,awake
2026-04-04 21:22:32,0,24.9,30.5,92.16,-20.2,138,0.81,0.18,0.01,0.00,awake
2026-04-04 21:22:32,0,24.9,30.5,92.16,-20.2,138,0.81,0.18,0.01,0.00,awake
2026-04-04 21:22:32,0,24.9,30.2,92.16,-19.8,698,0.57,0.24,0.16,0.04,awake
2026-04-04 21:22:32,0,24.9,30.2,93.08,-19.8,698,0.57,0.24,0.16,0.04,awake
2026-04-04 21:22:32,0,24.9,30.2,93.08,-19.8,698,0.57,0.24,0.16,0.04,awake
2026-04-04 21:22:33,0,24.9,30.2,93.08,-19.8,698,0.57,0.24,0.16,0.04,awake
2026-04-04 21:22:33,0,24.9,30.2,93.08,-19.8,698,0.57,0.24,0.16,0.04,awake
2026-04-04 21:22:33,0,24.9,30.2,93.08,-19.8,698,0.57,0.24,0.16,0.04,awake
2026-04-04 21:22:33,0,24.9,30.2,93.08,-19.8,698,0.57,0.24,0.16,0.04,awake
2026-04-04 21:22:33,0,24.9,30.2,93.08,-19.8,698,0.57,0.24,0.16,0.04,awake
2026-04-04 21:22:33,0,24.9,30.2,93.08,-19.8,698,0.57,0.24,0.16,0.04,awake
2026-04-04 21:22:33,0,24.9,30.2,93.08,-19.8,698,0.57,0.24,0.16,0.04,awake
2026-04-04 21:22:33,0,24.9,30.2,93.08,-19.4,188,0.70,0.28,0.02,0.00,awake
2026-04-04 21:22:33,0,24.9,30.2,94.00,-19.4,188,0.70,0.28,0.02,0.00,awake
2026-04-04 21:22:33,0,24.9,30.2,93.08,-19.4,188,0.70,0.28,0.02,0.00,awake
2026-04-04 21:22:34,0,24.9,30.2,93.08,-19.4,188,0.70,0.28,0.02,0.00,awake
2026-04-04 21:22:34,0,24.9,30.2,93.08,-19.4,188,0.70,0.28,0.02,0.00,awake
2026-04-04 21:22:34,0,24.9,30.2,93.08,-19.4,188,0.70,0.28,0.02,0.00,awake
2026-04-04 21:22:34,0,24.9,30.2,93.08,-19.4,188,0.70,0.28,0.02,0.00,awake
2026-04-04 21:22:34,0,24.9,30.2,93.08,-19.4,188,0.70,0.28,0.02,0.00,awake
2026-04-04 21:22:34,0,24.9,30.2,93.08,-19.4,188,0.70,0.28,0.02,0.00,awake
2026-04-04 21:22:34,0,24.9,30.2,95.85,-19.4,188,0.70,0.28,0.02,0.00,awake
2026-04-04 21:22:34,0,24.9,30.2,95.85,-19.4,188,0.70,0.28,0.02,0.00,awake
2026-04-04 21:22:34,0,25.0,29.9,95.85,-19.7,142,0.82,0.18,0.01,0.00,awake
2026-04-04 21:22:34,0,25.0,29.9,95.85,-19.7,142,0.82,0.18,0.01,0.00,awake
2026-04-04 21:22:35,0,25.0,29.9,95.85,-19.7,142,0.82,0.18,0.01,0.00,awake
2026-04-04 21:22:35,0,25.0,29.9,95.85,-19.7,142,0.82,0.18,0.01,0.00,awake
2026-04-04 21:22:35,0,25.0,29.9,95.85,-19.7,142,0.82,0.18,0.01,0.00,awake
2026-04-04 21:22:35,0,25.0,29.9,95.85,-19.7,142,0.82,0.18,0.01,0.00,awake
2026-04-04 21:22:35,0,25.0,29.9,95.85,-19.7,142,0.82,0.18,0.01,0.00,awake
2026-04-04 21:22:35,0,25.0,29.9,95.85,-19.7,142,0.82,0.18,0.01,0.00,awake
2026-04-04 21:22:35,0,25.0,29.9,95.85,-19.7,142,0.82,0.18,0.01,0.00,awake
2026-04-04 21:22:35,0,25.0,29.9,95.85,-19.7,142,0.82,0.18,0.01,0.00,awake
2026-04-04 21:22:35,0,25.0,29.9,95.85,-20.7,184,0.83,0.16,0.02,0.00,awake
2026-04-04 21:22:35,0,25.0,29.9,95.85,-20.7,184,0.83,0.16,0.02,0.00,awake
2026-04-04 21:22:36,0,25.0,29.9,94.92,-20.7,184,0.83,0.16,0.02,0.00,awake
2026-04-04 21:22:36,0,25.0,29.9,94.92,-20.7,184,0.83,0.16,0.02,0.00,awake
2026-04-04 21:22:36,0,25.0,29.9,93.08,-20.7,184,0.83,0.16,0.02,0.00,awake
2026-04-04 21:22:36,0,25.0,29.9,93.08,-20.7,184,0.83,0.16,0.02,0.00,awake
2026-04-04 21:22:36,0,25.0,29.9,93.08,-20.7,184,0.83,0.16,0.02,0.00,awake
2026-04-04 21:22:36,0,25.0,29.9,92.16,-20.7,184,0.83,0.16,0.02,0.00,awake
2026-04-04 21:22:36,0,25.0,29.9,93.08,-20.7,184,0.83,0.16,0.02,0.00,awake
2026-04-04 21:22:36,0,25.0,29.9,92.16,-20.7,184,0.83,0.16,0.02,0.00,awake
2026-04-04 21:22:36,0,25.1,29.7,92.16,-20.6,259,0.42,0.71,0.01,0.00,awake
2026-04-04 21:22:36,0,25.1,29.7,93.08,-20.6,259,0.42,0.71,0.01,0.00,awake
2026-04-04 21:22:37,0,25.1,29.7,94.92,-20.6,259,0.42,0.71,0.01,0.00,awake
2026-04-04 21:22:37,0,25.1,29.7,93.08,-20.6,259,0.42,0.71,0.01,0.00,awake
2026-04-04 21:22:37,0,25.1,29.7,94.92,-20.6,259,0.42,0.71,0.01,0.00,awake
2026-04-04 21:22:37,0,25.1,29.7,94.00,-20.6,259,0.42,0.71,0.01,0.00,awake
2026-04-04 21:22:37,0,25.1,29.7,93.08,-20.6,259,0.42,0.71,0.01,0.00,awake
2026-04-04 21:22:37,1,25.1,29.7,92.16,-20.6,259,0.42,0.71,0.01,0.00,awake
2026-04-04 21:22:37,1,25.1,29.7,88.47,-20.6,259,0.42,0.71,0.01,0.00,awake
2026-04-04 21:22:37,1,25.1,29.7,82.02,-20.6,259,0.42,0.71,0.01,0.00,awake
2026-04-04 21:22:37,1,25.1,29.7,82.94,-20.3,218,0.72,0.41,0.02,0.00,awake
2026-04-04 21:22:37,1,25.1,29.7,84.79,-20.3,218,0.72,0.41,0.02,0.00,awake
2026-04-04 21:22:38,1,25.1,29.7,88.47,-20.3,218,0.72,0.41,0.02,0.00,awake
2026-04-04 21:22:38,1,25.1,29.7,91.24,-20.3,218,0.72,0.41,0.02,0.00,awake
2026-04-04 21:22:38,1,25.1,29.7,91.24,-20.3,218,0.72,0.41,0.02,0.00,awake
2026-04-04 21:22:38,1,25.1,29.7,92.16,-20.3,218,0.72,0.41,0.02,0.00,awake
2026-04-04 21:22:38,1,25.1,29.7,92.16,-20.3,218,0.72,0.41,0.02,0.00,awake
2026-04-04 21:22:38,1,25.1,29.7,91.24,-20.3,218,0.72,0.41,0.02,0.00,awake
2026-04-04 21:22:38,1,25.1,29.7,92.16,-20.3,218,0.72,0.41,0.02,0.00,awake
2026-04-04 21:22:38,1,25.1,29.7,92.16,-20.3,218,0.72,0.41,0.02,0.00,awake
2026-04-04 21:22:38,1,25.2,29.3,93.08,-20.3,200,0.69,0.32,0.02,0.00,awake
2026-04-04 21:22:38,1,25.2,29.3,92.16,-20.3,200,0.69,0.32,0.02,0.00,awake
2026-04-04 21:22:39,1,25.2,29.3,90.32,-20.3,200,0.69,0.32,0.02,0.00,awake
2026-04-04 21:22:39,1,25.2,29.3,89.40,-20.3,200,0.69,0.32,0.02,0.00,awake
2026-04-04 21:22:39,1,25.2,29.3,90.32,-20.3,200,0.69,0.32,0.02,0.00,awake
2026-04-04 21:22:39,1,25.2,29.3,91.24,-20.3,200,0.69,0.32,0.02,0.00,awake
2026-04-04 21:22:39,1,25.2,29.3,90.32,-20.3,200,0.69,0.32,0.02,0.00,awake
2026-04-04 21:22:39,1,25.2,29.3,91.24,-20.3,200,0.69,0.32,0.02,0.00,awake
2026-04-04 21:22:39,1,25.2,29.3,92.16,-20.3,200,0.69,0.32,0.02,0.00,awake
2026-04-04 21:22:39,1,25.2,29.3,89.40,-20.3,200,0.69,0.32,0.02,0.00,awake
2026-04-04 21:22:39,1,25.2,29.3,90.32,-20.2,178,0.71,0.30,0.02,0.00,awake
2026-04-04 21:22:39,1,25.2,29.3,90.32,-20.2,178,0.71,0.30,0.02,0.00,awake
2026-04-04 21:22:40,1,25.2,29.3,90.32,-20.2,178,0.71,0.30,0.02,0.00,awake
2026-04-04 21:22:40,1,25.2,29.3,90.32,-20.2,178,0.71,0.30,0.02,0.00,awake
2026-04-04 21:22:40,1,25.2,29.3,90.32,-20.2,178,0.71,0.30,0.02,0.00,awake
2026-04-04 21:22:40,1,25.2,29.3,89.40,-20.2,178,0.71,0.30,0.02,0.00,awake
2026-04-04 21:22:40,1,25.2,29.3,88.47,-20.2,178,0.71,0.30,0.02,0.00,awake
2026-04-04 21:22:40,1,25.2,29.3,87.55,-20.2,178,0.71,0.30,0.02,0.00,awake
2026-04-04 21:22:40,1,25.2,29.3,86.63,-20.2,178,0.71,0.30,0.02,0.00,awake
2026-04-04 21:22:40,1,25.2,29.3,84.79,-20.2,178,0.71,0.30,0.02,0.00,awake
2026-04-04 21:22:40,1,25.2,29.3,82.94,-20.2,178,0.71,0.30,0.02,0.00,awake
2026-04-04 21:22:41,1,25.3,28.9,81.10,-20.2,136,0.91,0.09,0.01,0.00,awake
2026-04-04 21:22:41,1,25.3,28.9,82.02,-20.2,136,0.91,0.09,0.01,0.00,awake
2026-04-04 21:22:41,1,25.3,28.9,84.79,-20.2,136,0.91,0.09,0.01,0.00,awake
2026-04-04 21:22:41,1,25.3,28.9,87.55,-20.2,136,0.91,0.09,0.01,0.00,awake
2026-04-04 21:22:41,1,25.3,28.9,88.47,-20.2,136,0.91,0.09,0.01,0.00,awake
2026-04-04 21:22:41,1,25.3,28.9,89.40,-20.2,136,0.91,0.09,0.01,0.00,awake
2026-04-04 21:22:41,1,25.3,28.9,90.32,-20.2,136,0.91,0.09,0.01,0.00,awake
2026-04-04 21:22:41,1,25.3,28.9,91.24,-20.2,136,0.91,0.09,0.01,0.00,awake
2026-04-04 21:22:41,1,25.3,28.9,89.40,-20.2,136,0.91,0.09,0.01,0.00,awake
2026-04-04 21:22:41,1,25.3,28.9,91.24,-20.2,136,0.91,0.09,0.01,0.00,awake
2026-04-04 21:22:42,1,25.3,28.9,89.40,-20.2,233,0.58,0.44,0.02,0.00,awake
2026-04-04 21:22:42,1,25.3,28.9,88.47,-20.2,233,0.58,0.44,0.02,0.00,awake
2026-04-04 21:22:42,1,25.3,28.9,88.47,-20.2,233,0.58,0.44,0.02,0.00,awake
2026-04-04 21:22:42,1,25.3,28.9,88.47,-20.2,233,0.58,0.44,0.02,0.00,awake
2026-04-04 21:22:42,1,25.3,28.9,91.24,-20.2,233,0.58,0.44,0.02,0.00,awake
2026-04-04 21:22:42,1,25.3,28.9,91.24,-20.2,233,0.58,0.44,0.02,0.00,awake
2026-04-04 21:22:42,1,25.3,28.9,91.24,-20.2,233,0.58,0.44,0.02,0.00,awake
2026-04-04 21:22:42,1,25.3,28.9,91.24,-20.2,233,0.58,0.44,0.02,0.00,awake
2026-04-04 21:22:42,1,25.3,28.9,91.24,-20.2,233,0.58,0.44,0.02,0.00,awake
2026-04-04 21:22:42,0,25.3,28.9,91.24,-20.2,233,0.58,0.44,0.02,0.00,awake
2026-04-04 21:22:43,0,25.3,28.6,91.24,-20.2,192,0.86,0.17,0.01,0.00,awake
2026-04-04 21:22:43,0,25.3,28.6,91.24,-20.2,192,0.86,0.17,0.01,0.00,awake
2026-04-04 21:22:43,0,25.3,28.6,91.24,-20.2,192,0.86,0.17,0.01,0.00,awake
2026-04-04 21:22:43,0,25.3,28.6,91.24,-20.2,192,0.86,0.17,0.01,0.00,awake
2026-04-04 21:22:43,0,25.3,28.6,91.24,-20.2,192,0.86,0.17,0.01,0.00,awake
2026-04-04 21:22:43,0,25.3,28.6,91.24,-20.2,192,0.86,0.17,0.01,0.00,awake
2026-04-04 21:22:43,0,25.3,28.6,90.32,-20.2,192,0.86,0.17,0.01,0.00,awake
2026-04-04 21:22:43,0,25.3,28.6,88.47,-20.2,192,0.86,0.17,0.01,0.00,awake
2026-04-04 21:22:43,0,25.3,28.6,88.47,-20.2,192,0.86,0.17,0.01,0.00,awake
2026-04-04 21:22:43,0,25.3,28.6,88.47,-20.2,192,0.86,0.17,0.01,0.00,awake
2026-04-04 21:22:44,0,25.3,28.6,88.47,-20.2,645,0.34,0.49,0.19,0.00,awake
2026-04-04 21:22:44,0,25.3,28.6,90.32,-20.2,645,0.34,0.49,0.19,0.00,awake
2026-04-04 21:22:44,0,25.3,28.6,91.24,-20.2,645,0.34,0.49,0.19,0.00,awake
2026-04-04 21:22:44,0,25.3,28.6,91.24,-20.2,645,0.34,0.49,0.19,0.00,awake
2026-04-04 21:22:44,0,25.3,28.6,91.24,-20.2,645,0.34,0.49,0.19,0.00,awake
2026-04-04 21:22:44,0,25.3,28.6,91.24,-20.2,645,0.34,0.49,0.19,0.00,awake
2026-04-04 21:22:44,0,25.3,28.6,91.24,-20.2,645,0.34,0.49,0.19,0.00,awake
2026-04-04 21:22:44,0,25.3,28.6,91.24,-20.2,645,0.34,0.49,0.19,0.00,awake
2026-04-04 21:22:44,0,25.3,28.6,91.24,-20.2,645,0.34,0.49,0.19,0.00,awake
2026-04-04 21:22:44,0,25.3,28.6,91.24,-20.2,645,0.34,0.49,0.19,0.00,awake
2026-04-04 21:22:44,0,25.3,28.6,91.24,-20.2,645,0.34,0.49,0.19,0.00,awake
2026-04-04 21:22:45,0,25.3,28.2,92.16,-20.2,183,0.66,0.38,0.01,0.00,awake
2026-04-04 21:22:45,0,25.3,28.2,92.16,-20.2,183,0.66,0.38,0.01,0.00,awake
2026-04-04 21:22:45,0,25.3,28.2,92.16,-20.2,183,0.66,0.38,0.01,0.00,awake
2026-04-04 21:22:45,0,25.3,28.2,91.24,-20.2,183,0.66,0.38,0.01,0.00,awake
2026-04-04 21:22:45,0,25.3,28.2,91.24,-20.2,183,0.66,0.38,0.01,0.00,awake
2026-04-04 21:22:45,0,25.3,28.2,88.47,-20.2,183,0.66,0.38,0.01,0.00,awake
2026-04-04 21:22:45,0,25.3,28.2,88.47,-20.2,183,0.66,0.38,0.01,0.00,awake
2026-04-04 21:22:45,0,25.3,28.2,88.47,-20.2,183,0.66,0.38,0.01,0.00,awake
2026-04-04 21:22:45,0,25.3,28.2,88.47,-20.2,183,0.66,0.38,0.01,0.00,awake
2026-04-04 21:22:45,0,25.3,28.2,88.47,-20.2,183,0.66,0.38,0.01,0.00,awake
2026-04-04 21:22:46,0,25.3,28.2,88.47,-20.2,107,0.90,0.09,0.01,0.00,awake
2026-04-04 21:22:46,0,25.3,28.2,89.40,-20.2,107,0.90,0.09,0.01,0.00,awake
2026-04-04 21:22:46,0,25.3,28.2,88.47,-20.2,107,0.90,0.09,0.01,0.00,awake
2026-04-04 21:22:46,0,25.3,28.2,89.40,-20.2,107,0.90,0.09,0.01,0.00,awake
2026-04-04 21:22:46,0,25.3,28.2,89.40,-20.2,107,0.90,0.09,0.01,0.00,awake
2026-04-04 21:22:46,0,25.3,28.2,89.40,-20.2,107,0.90,0.09,0.01,0.00,awake
2026-04-04 21:22:46,1,25.3,28.2,89.40,-20.2,107,0.90,0.09,0.01,0.00,awake
2026-04-04 21:22:46,1,25.3,28.2,89.40,-20.2,107,0.90,0.09,0.01,0.00,awake
2026-04-04 21:22:46,1,25.3,28.2,88.47,-20.2,107,0.90,0.09,0.01,0.00,awake
2026-04-04 21:22:46,1,25.3,28.2,88.47,-20.2,107,0.90,0.09,0.01,0.00,awake
2026-04-04 21:22:47,1,25.3,27.9,88.47,-20.2,155,0.88,0.12,0.01,0.00,awake
2026-04-04 21:22:47,1,25.3,27.9,88.47,-20.2,155,0.88,0.12,0.01,0.00,awake
2026-04-04 21:22:47,1,25.3,27.9,88.47,-20.2,155,0.88,0.12,0.01,0.00,awake
2026-04-04 21:22:47,1,25.3,27.9,88.47,-20.2,155,0.88,0.12,0.01,0.00,awake
2026-04-04 21:22:47,1,25.3,27.9,88.47,-20.2,155,0.88,0.12,0.01,0.00,awake
2026-04-04 21:22:47,1,25.3,27.9,88.47,-20.2,155,0.88,0.12,0.01,0.00,awake
2026-04-04 21:22:47,1,25.3,27.9,88.47,-20.2,155,0.88,0.12,0.01,0.00,awake
2026-04-04 21:22:47,1,25.3,27.9,88.47,-20.2,155,0.88,0.12,0.01,0.00,awake
2026-04-04 21:22:47,1,25.3,27.9,88.47,-20.2,155,0.88,0.12,0.01,0.00,unknown
2026-04-04 21:22:47,1,25.3,27.9,88.47,-20.2,155,0.88,0.12,0.01,0.00,unknown
2026-04-04 21:22:48,1,25.3,27.9,88.47,-20.2,155,0.88,0.12,0.01,0.00,unknown
2026-04-04 21:22:48,1,25.4,27.7,88.47,-20.2,160,0.87,0.18,0.01,0.00,unknown
2026-04-04 21:22:48,1,25.4,27.7,88.47,-20.2,160,0.87,0.18,0.01,0.00,unknown
2026-04-04 21:22:48,1,25.4,27.7,88.47,-20.2,160,0.87,0.18,0.01,0.00,unknown
2026-04-04 21:22:48,1,25.4,27.7,88.47,-20.2,160,0.87,0.18,0.01,0.00,unknown
2026-04-04 21:22:48,1,25.4,27.7,88.47,-20.2,160,0.87,0.18,0.01,0.00,unknown
2026-04-04 21:22:48,1,25.4,27.7,88.47,-20.2,160,0.87,0.18,0.01,0.00,unknown
2026-04-04 21:22:48,1,25.4,27.7,88.47,-20.2,160,0.87,0.18,0.01,0.00,unknown
2026-04-04 21:22:48,1,25.4,27.7,88.47,-20.2,160,0.87,0.18,0.01,0.00,unknown
2026-04-04 21:22:48,1,25.4,27.7,88.47,-20.2,160,0.87,0.18,0.01,0.00,unknown
2026-04-04 21:22:49,1,25.4,27.7,88.47,-20.2,160,0.87,0.18,0.01,0.00,unknown
2026-04-04 21:22:49,1,25.4,27.7,88.47,-20.2,160,0.87,0.18,0.01,0.00,unknown
2026-04-04 21:22:49,1,25.3,27.6,87.55,-20.2,423,0.43,0.56,0.05,0.00,unknown
2026-04-04 21:22:49,0,25.3,27.6,87.55,-20.2,423,0.43,0.56,0.05,0.00,unknown
