2026-02-10 16:02:00,1,22.9,19.1,195.38,-20.1,3753,0.06,0.06,0.34,0.57
2026-02-10 16:02:00,1,22.9,19.1,195.84,-20.2,489,0.04,0.95,0.01,0
2026-02-10 16:02:00,0,22.9,19,195.38,-20.1,553,0.12,0.9,0.06,0
2026-02-10 16:02:00,1,22.9,19.1,195.38,-20.2,426,0.27,0.65,0.08,0
2026-02-10 16:02:00,1,22.9,19,226.25,-20,831,0.45,0.35,0.19,0.03
2026-02-10 16:02:00,1,22.9,19,226.71,-20.1,450,0.16,0.92,0.01,0
2026-02-10 16:02:00,1,22.9,19,200.45,-20.1,623,0.08,0.75,0.17,0
2026-02-10 16:02:00,1,22.9,19,183.86,-20,341,0.67,0.34,0.03,0
2026-02-10 16:02:00,1,22.9,19.1,192.61,-20.2,651,0.07,0.91,0.03,0
2026-02-10 16:02:00,1,22.9,19,195.38,-20.2,788,0.36,0.38,0.27,0
2026-02-10 16:02:00,1,22.9,19,205.52,-20.1,581,0.09,0.87,0.06,0
2026-02-10 16:02:00,1,22.9,19,229.48,-20.1,680,0.08,0.84,0.08,0
2026-02-10 16:02:00,1,22.9,19.1,230.86,-20.1,620,0.22,0.74,0.12,0
2026-02-10 16:02:00,1,22.9,19,208.28,-20.2,536,0.01,0.99,0,0
2026-02-10 16:02:00,1,22.9,19,190.77,-20.2,383,0.65,0.37,0.06,0
2026-02-10 16:02:00,1,22.9,19,167.73,-20,692,0.05,0.93,0.02,0
2026-02-10 16:02:00,1,22.9,19,179.71,-20.2,268,0.64,0.35,0.02,0
2026-02-10 16:02:00,0,22.9,19,177.87,-20.1,424,0.33,0.84,0.05,0
2026-02-10 16:02:00,0,22.9,19,175.56,-20.1,693,0.07,0.81,0.12,0
2026-02-10 16:02:00,1,22.9,19,174.64,-20,855,0.06,0.76,0.18,0
2026-02-10 16:02:00,1,22.9,19,195.84,-20.2,750,0.14,0.68,0.19,0
2026-02-10 16:02:00,1,22.9,19,227.64,-20.3,676,0.39,0.61,0.14,0
2026-02-10 16:02:00,1,22.9,19,222.57,-20.2,476,0.18,0.81,0.04,0
2026-02-10 16:02:00,1,22.9,18.9,207.82,-20.2,913,0.08,0.54,0.4,0
2026-02-10 16:02:00,1,22.9,18.9,204.13,-20.2,1117,0.39,0.33,0.28,0.01
2026-02-10 16:02:00,1,22.9,19,196.3,-19.9,721,0.03,0.86,0.13,0
2026-02-10 16:02:00,1,22.9,19,187.55,-20.3,507,0.06,0.95,0.02,0
2026-02-10 16:02:00,1,22.9,18.9,185.24,-20,503,0.3,0.74,0.06,0
2026-02-10 16:02:00,0,22.9,18.9,186.62,-20.1,558,0.24,0.79,0.08,0
2026-02-10 16:02:00,1,23,18.9,222.57,-20.2,1182,0.06,0.54,0.43,0
2026-02-10 16:02:00,1,22.9,18.9,234.55,-20.2,524,0.52,0.35,0.15,0
2026-02-10 16:02:00,1,22.9,18.9,225.79,-19.9,450,0.07,0.98,0.01,0
2026-02-10 16:02:00,1,22.9,18.9,246.07,-19.9,641,0.04,0.96,0,0
2026-02-10 16:02:00,1,22.9,18.9,233.16,-20,696,0.03,0.88,0.09,0.01
2026-02-10 16:02:00,1,23,19,233.16,-20.4,757,0.23,0.63,0.13,0.01
2026-02-10 16:02:00,1,23,18.9,116.12,-20,1321,0.24,0.62,0.18,0.1
2026-02-10 16:02:00,1,22.9,18.9,180.17,-20,392,0.14,0.85,0.02,0
2026-02-10 16:02:00,1,22.9,18.9,202.75,-20.3,413,0.53,0.46,0.03,0
2026-02-10 16:02:00,1,22.9,18.9,149.76,-20.1,3000,0.13,0.18,0.27,0.43
2026-02-10 16:02:00,1,23,18.9,235.93,-20.4,735,0.08,0.8,0.13,0
2026-02-10 16:02:00,1,22.9,18.8,237.31,-20.1,305,0.64,0.82,0.06,0
2026-02-10 16:02:00,1,23,18.9,235.01,-20.2,1243,0.5,0.26,0.14,0.11
2026-02-10 16:02:00,0,23,18.9,195.84,-20.4,1176,0.35,0.26,0.39,0.01
2026-02-10 16:02:00,1,23,18.9,155.75,-19.9,1559,0.24,0.25,0.47,0.04
2026-02-10 16:02:00,1,23,18.8,180.63,-20,533,0.12,0.85,0.07,0
2026-02-10 16:02:00,1,23,18.9,179.25,-20.1,689,0.02,0.97,0.03,0
2026-02-10 16:02:00,1,23,18.9,166.35,-20.1,491,0.3,0.68,0.05,0
2026-02-10 16:02:00,1,23,18.9,172.34,-19.9,604,0.17,0.72,0.11,0
2026-02-10 16:02:00,1,23,18.9,123.96,-20.3,722,0.29,0.5,0.22,0
2026-02-10 16:02:00,1,23,18.9,155.75,-20.5,559,0.47,0.51,0.13,0.01
2026-02-10 16:02:00,1,23,19,155.29,-20.1,1001,0.01,0.65,0.34,0
2026-02-10 16:02:00,1,23,18.9,152.99,-20.3,250,0.75,0.54,0.02,0
2026-02-10 16:02:00,1,23,19,85.25,-20.1,634,0.11,0.76,0.12,0.03
2026-02-10 16:02:00,1,23,19,106.44,-20,716,0.01,0.96,0.03,0
2026-02-10 16:03:00,1,23,19,129.95,-20.2,531,0.15,0.8,0.06,0
2026-02-10 16:03:00,1,23,19.1,125.8,-20.1,688,0.35,0.54,0.12,0.01
2026-02-10 16:03:00,1,23,19.1,128.1,-20.1,536,0.33,0.66,0.08,0
2026-02-10 16:03:00,1,23,19.2,92.16,-20,603,0.1,0.94,0.02,0
2026-02-10 16:03:00,1,23,19.2,99.53,-20.2,547,0.38,0.55,0.08,0
2026-02-10 16:03:00,1,23,19.2,103.68,-20.3,600,0.09,0.84,0.08,0
2026-02-10 16:03:00,1,22.9,19.1,127.18,-20.1,886,0.21,0.49,0.31,0
2026-02-10 16:03:00,1,23,19.1,119.81,-20.1,632,0.17,0.76,0.12,0
2026-02-10 16:03:00,1,23,19.2,70.5,-20.2,769,0.37,0.54,0.24,0.01
2026-02-10 16:03:00,1,23,19.5,81.1,-20,753,0.36,0.49,0.18,0.01
2026-02-10 16:03:00,1,23,19.7,134.09,-20.2,682,0.09,0.86,0.07,0
2026-02-10 16:03:00,1,23,19.9,136.4,-20,496,0.09,0.98,0.02,0
2026-02-10 16:03:00,1,23,20,132.71,-20,481,0.39,0.64,0.08,0
2026-02-10 16:03:00,1,23,20.1,133.63,-20,931,0.12,0.71,0.23,0.01
2026-02-10 16:03:00,1,23,20,131.79,-20.1,1318,0.39,0.36,0.23,0.11
2026-02-10 16:03:00,1,23,20.1,130.41,-20.1,981,0.13,0.68,0.24,0
2026-02-10 16:03:00,1,23,20.1,136.86,-20,607,0.24,0.72,0.12,0
2026-02-10 16:03:00,1,23,20.1,138.7,-20.2,653,0.5,0.5,0.12,0.02
2026-02-10 16:03:00,1,23,20,135.01,-20,651,0.29,0.67,0.1,0.02
2026-02-10 16:03:00,1,23,20,134.55,-20.3,793,0.27,0.52,0.23,0
2026-02-10 16:03:00,1,23,20,135.48,-20.1,665,0.28,0.6,0.14,0.01
2026-02-10 16:03:00,1,23,19.9,134.55,-20.3,588,0.28,0.64,0.21,0
2026-02-10 16:03:00,1,23,19.9,132.71,-20.2,1408,0.25,0.37,0.38,0.06
2026-02-10 16:03:00,1,23,19.9,132.71,-19.2,750,0.01,0.92,0.08,0
2026-02-10 16:03:00,0,23,19.8,135.01,-20.3,1093,0.05,0.55,0.41,0
2026-02-10 16:03:00,1,23,19.8,141.93,-20.2,920,0.2,0.57,0.22,0.02
2026-02-10 16:03:00,1,23,19.8,143.31,-20.1,599,0.4,0.59,0.07,0.01
2026-02-10 16:03:00,1,23,19.7,145.61,-20,262,0.8,0.58,0.02,0
2026-02-10 16:03:00,1,23,19.7,144.69,-20.1,518,0.49,0.4,0.13,0
2026-02-10 16:03:00,0,22.9,19.7,143.31,-20.2,1070,0.18,0.5,0.41,0
2026-02-10 16:03:00,0,23,19.6,145.61,-20.1,996,0.27,0.52,0.29,0
2026-02-10 16:03:00,1,23,19.6,121.19,-20.3,832,0.32,0.49,0.23,0.02
2026-02-10 16:03:00,1,22.9,19.5,133.63,-20.3,953,0.5,0.24,0.33,0.02
2026-02-10 16:03:00,0,23,19.5,131.33,-20.1,923,0.09,0.69,0.23,0.02
2026-02-10 16:03:00,0,23,19.5,134.55,-20.2,519,0.37,0.67,0.09,0
2026-02-10 16:03:00,0,23,19.5,137.78,-19.7,880,0.02,0.89,0.1,0
2026-02-10 16:03:00,0,23,19.4,143.31,-20.2,1594,0.19,0.48,0.23,0.11
2026-02-10 16:03:00,0,23,19.5,147.92,-20.2,1009,0.15,0.54,0.32,0
2026-02-10 16:03:00,0,23,19.4,146.07,-20.1,931,0.09,0.65,0.28,0
2026-02-10 16:03:00,0,22.9,19.4,144.69,-20.1,3424,0.09,0.22,0.34,0.38
2026-02-10 16:03:00,0,23,19.3,141,-20.2,724,0.14,0.67,0.2,0.01
2026-02-10 16:03:00,0,22.9,19.3,136.86,-20.1,313,0.07,0.95,0.03,0
2026-02-10 16:03:00,0,23,19.3,141.93,-20.4,717,0.07,0.87,0.14,0
2026-02-10 16:03:00,0,23,19.3,140.54,-20.2,291,0.61,0.42,0.03,0
2026-02-10 16:03:00,0,23,19.3,139.62,-20.3,324,0.27,0.79,0.03,0
2026-02-10 16:03:00,0,23,19.2,141,-20,424,0.24,0.82,0.03,0
2026-02-10 16:03:00,0,22.9,19.2,134.09,-20.1,454,0.06,0.95,0.01,0
2026-02-10 16:03:00,0,23,19.1,135.94,-20.2,580,0.27,0.79,0.14,0
2026-02-10 16:03:00,0,23,19.1,133.17,-20.2,796,0.17,0.66,0.24,0
2026-02-10 16:03:00,0,23,19.2,132.25,-20.1,806,0.26,0.52,0.23,0.01
2026-02-10 16:03:00,0,23,19.1,137.32,-19.9,455,0.39,0.55,0.09,0
2026-02-10 16:04:00,1,22.9,19,152.99,-20,109,0.94,0.05,0.01,0
2026-02-10 16:04:00,1,22.9,19,153.45,-20.9,644,0.39,0.49,0.13,0.01
2026-02-10 16:04:00,1,22.9,19,153.91,-20.1,653,0.15,0.76,0.15,0.01
2026-02-10 16:04:00,0,23,19,153.91,-20,729,0.24,0.69,0.16,0
2026-02-10 16:04:00,0,23,19,153.91,-20.1,629,0.06,0.85,0.09,0.01
2026-02-10 16:04:00,0,23,19,153.91,-20,652,0.04,0.83,0.13,0.01
2026-02-10 16:04:00,0,22.9,19,153.45,-20.1,526,0.59,0.32,0.12,0.01
2026-02-10 16:04:00,0,22.9,19,152.99,-20.1,910,0.12,0.74,0.4,0
2026-02-10 16:04:00,0,23,18.9,152.06,-20,1744,0.06,0.47,0.43,0.06
2026-02-10 16:04:00,0,22.9,18.9,153.45,-20,604,0.09,0.84,0.07,0
2026-02-10 16:04:00,0,22.9,18.9,153.45,-20.1,1039,0.1,0.46,0.46,0
2026-02-10 16:04:00,0,22.9,18.9,153.45,-20.1,806,0.08,0.81,0.12,0
2026-02-10 16:04:00,0,22.9,19,153.45,-20,490,0.52,0.48,0.11,0
2026-02-10 16:04:00,1,22.9,19,117.04,-20,778,0.29,0.53,0.21,0.01
2026-02-10 16:04:00,1,22.9,18.9,140.54,-20,673,0.18,0.83,0.09,0
2026-02-10 16:04:00,1,22.9,18.8,152.99,-20.1,662,0.03,0.97,0.01,0
2026-02-10 16:04:00,1,22.9,18.8,147,-20.1,701,0.01,0.98,0.01,0
2026-02-10 16:04:00,1,22.9,18.9,152.99,-20,858,0.01,0.83,0.16,0
2026-02-10 16:04:00,1,22.9,18.9,150.68,-20.1,512,0.18,0.73,0.09,0
2026-02-10 16:04:00,0,22.9,18.9,152.06,-20.1,978,0.21,0.5,0.35,0
2026-02-10 16:04:00,0,22.9,18.9,152.06,-19.9,1258,0.11,0.53,0.34,0.04
2026-02-10 16:04:00,0,22.9,18.9,151.14,-20.1,684,0.32,0.45,0.24,0
2026-02-10 16:04:00,0,22.9,18.9,151.6,-20,857,0.11,0.7,0.17,0.04
2026-02-10 16:04:00,1,22.9,18.9,147,-20.1,802,0.47,0.46,0.29,0.01
2026-02-10 16:04:00,1,22.9,18.9,150.22,-20.2,480,0.31,0.75,0.03,0.01
2026-02-10 16:04:00,1,22.9,18.9,136.4,-20.1,1008,0.59,0.42,0.17,0.07
2026-02-10 16:04:00,0,22.9,18.8,152.06,-20.1,713,0.49,0.36,0.21,0.01
2026-02-10 16:04:00,0,22.9,18.8,147.46,-20.2,333,0.52,0.57,0.04,0
2026-02-10 16:04:00,0,22.9,18.8,151.6,-20,368,0.41,0.56,0.04,0
2026-02-10 16:04:00,1,22.9,18.8,145.61,-20.3,1186,0.21,0.49,0.26,0.06
2026-02-10 16:04:00,1,22.9,18.8,129.95,-20.2,520,0.41,0.46,0.12,0.01
2026-02-10 16:04:00,1,22.9,18.8,134.55,-20.1,692,0.03,0.84,0.13,0
2026-02-10 16:04:00,0,22.9,18.8,148.38,-20,835,0.35,0.55,0.22,0.02
2026-02-10 16:04:00,0,22.9,18.8,147.92,-20.1,337,0.35,0.71,0.03,0
2026-02-10 16:04:00,0,22.9,18.8,152.99,-20,405,0.53,0.53,0.08,0
2026-02-10 16:04:00,0,22.9,18.8,153.91,-20.2,531,0.31,0.6,0.11,0.01
2026-02-10 16:04:00,0,22.9,18.8,153.91,-20,446,0.03,0.98,0,0
2026-02-10 16:04:00,0,22.9,18.7,153.45,-20.2,793,0.03,0.83,0.14,0
2026-02-10 16:04:00,0,22.9,18.8,153.91,-20.1,1061,0.24,0.42,0.4,0.01
2026-02-10 16:04:00,0,22.9,18.8,153.91,-20.1,560,0.46,0.43,0.11,0
2026-02-10 16:04:00,0,22.9,18.7,153.91,-20.1,548,0.08,0.88,0.05,0
2026-02-10 16:04:00,0,22.8,18.8,153.91,-20.2,469,0.44,0.52,0.08,0
2026-02-10 16:04:00,0,22.8,18.7,154.37,-20.1,828,0.12,0.58,0.3,0
2026-02-10 16:04:00,0,22.8,18.7,153.45,-20.2,774,0.04,0.83,0.15,0
2026-02-10 16:04:00,0,22.8,18.8,151.6,-20.3,2091,0.14,0.27,0.47,0.16
2026-02-10 16:04:00,0,22.8,18.8,149.76,-20,244,0.69,0.89,0.02,0
2026-02-10 16:04:00,0,22.8,18.7,147,-20.1,708,0.04,0.81,0.18,0
2026-02-10 16:04:00,0,22.8,18.8,147.46,-20.2,751,0.18,0.72,0.12,0.02
2026-02-10 16:04:00,0,22.8,18.7,151.14,-20.1,597,0.21,0.73,0.12,0
2026-02-10 16:05:00,0,22.8,18.7,149.3,-20.1,388,0.32,0.78,0.04,0
2026-02-10 16:05:00,0,22.8,18.7,148.84,-20,528,0.03,0.96,0.03,0
2026-02-10 16:05:00,0,22.8,18.7,102.76,-20.1,561,0.25,0.69,0.12,0.01
2026-02-10 16:05:00,1,22.8,18.7,113.36,-20,655,0.03,0.96,0.02,0
2026-02-10 16:05:00,1,22.8,18.7,126.26,-20.2,3605,0.1,0.27,0.13,0.51
2026-02-10 16:05:00,1,22.8,18.7,125.8,-20.1,1229,0.01,0.42,0.57,0
2026-02-10 16:05:00,1,22.8,18.7,132.25,-20.2,1209,0.15,0.49,0.37,0.02
2026-02-10 16:05:00,1,22.8,18.7,155.29,-20.1,533,0.31,0.59,0.1,0
2026-02-10 16:05:00,1,22.8,18.7,153.45,-20.2,631,0.19,0.74,0.1,0.01
2026-02-10 16:05:00,1,22.8,18.7,158.05,-20.2,594,0.25,0.71,0.05,0
2026-02-10 16:05:00,0,22.8,18.7,158.52,-20,408,0.31,0.92,0.06,0
2026-02-10 16:05:00,0,22.8,18.7,158.98,-20,911,0.07,0.8,0.13,0.01
2026-02-10 16:05:00,0,22.8,18.7,155.75,-20.2,615,0.18,0.76,0.13,0.01
2026-02-10 16:05:00,0,22.8,18.7,152.52,-20.1,488,0.38,0.59,0.09,0
2026-02-10 16:05:00,1,22.8,18.7,155.29,-20,463,0.22,0.79,0.03,0
2026-02-10 16:05:00,1,22.8,18.7,152.99,-20.1,615,0.21,0.76,0.1,0.01
2026-02-10 16:05:00,1,22.8,18.7,152.52,-20.2,635,0.06,0.84,0.12,0
2026-02-10 16:05:00,1,22.8,18.8,152.52,-20,731,0.34,0.41,0.25,0.01
2026-02-10 16:05:00,0,22.8,18.7,152.52,-20.3,536,0.66,0.23,0.13,0.01
2026-02-10 16:05:00,0,22.8,18.7,152.52,-20,394,0.74,0.49,0.06,0.01
2026-02-10 16:05:00,0,22.8,18.7,152.52,-20.2,857,0.12,0.72,0.23,0.01
2026-02-10 16:05:00,0,22.8,18.7,152.52,-20.1,897,0.18,0.58,0.26,0.01
2026-02-10 16:05:00,0,22.8,18.7,152.52,-20.2,649,0.39,0.67,0.18,0.01
2026-02-10 16:05:00,0,22.8,18.7,153.45,-20.1,661,0.04,0.85,0.11,0
2026-02-10 16:05:00,0,22.8,18.7,147.92,-20.2,534,0.35,0.6,0.13,0
2026-02-10 16:05:00,0,22.8,18.7,152.06,-20.1,880,0.15,0.69,0.21,0.01
2026-02-10 16:05:00,0,22.8,18.8,150.68,-20.3,345,0.59,0.4,0.04,0
2026-02-10 16:05:00,0,22.8,18.7,147.46,-20.1,570,0.22,0.74,0.06,0.01
2026-02-10 16:05:00,0,22.8,18.7,152.99,-20.1,700,0.34,0.56,0.11,0.01
2026-02-10 16:05:00,0,22.8,18.8,151.6,-20.1,717,0.13,0.76,0.12,0.01
2026-02-10 16:05:00,0,22.8,18.8,149.3,-20.2,593,0.27,0.68,0.14,0
2026-02-10 16:05:00,0,22.8,18.8,147.46,-20.2,205,0.88,0.61,0,0
2026-02-10 16:05:00,0,22.8,18.7,147,-20.1,651,0.16,0.83,0.03,0
2026-02-10 16:05:00,0,22.8,18.7,147,-20.1,440,0.51,0.47,0.06,0
2026-02-10 16:05:00,0,22.8,18.7,147,-20.1,288,0.64,0.4,0.04,0
2026-02-10 16:05:00,0,22.8,18.7,147,-20.1,818,0.17,0.72,0.15,0.02
2026-02-10 16:05:00,0,22.7,18.8,147,-20.2,465,0.59,0.31,0.1,0.01
2026-02-10 16:05:00,0,22.8,18.7,147,-20.2,298,0.45,0.56,0.01,0
2026-02-10 16:05:00,0,22.8,18.7,147,-20.2,540,0.29,0.64,0.07,0.01
2026-02-10 16:05:00,0,22.8,18.8,147,-20.1,781,0.4,0.42,0.19,0.02
2026-02-10 16:05:00,0,22.7,18.7,147,-20.2,716,0.5,0.38,0.16,0.02
2026-02-10 16:05:00,0,22.8,18.7,147,-20.1,317,0.65,0.39,0.05,0
2026-02-10 16:05:00,1,22.8,18.7,149.76,-20.2,552,0.34,0.78,0.06,0
2026-02-10 16:05:00,1,22.8,18.8,148.38,-20.1,710,0.1,0.9,0.01,0
2026-02-10 16:05:00,0,22.8,18.8,153.91,-20.1,364,0.76,0.54,0.07,0
2026-02-10 16:05:00,0,22.8,18.8,153.45,-20.2,333,0.68,0.41,0.04,0
2026-02-10 16:05:00,1,22.7,18.7,150.68,-20.2,538,0.06,0.88,0.07,0
2026-02-10 16:05:00,1,22.8,18.8,148.84,-20.2,784,0.24,0.73,0.19,0.02
2026-02-10 16:05:00,1,22.8,18.8,144.69,-20.2,748,0.44,0.47,0.2,0.02
2026-02-10 16:05:00,1,22.8,18.8,144.69,-20.3,2217,0.11,0.58,0.08,0.25
2026-02-10 16:05:00,1,22.8,18.8,144.23,-20.2,578,0.52,0.44,0.15,0.01
2026-02-10 16:05:00,1,22.7,18.8,148.84,-20.1,717,0.34,0.49,0.17,0.01
2026-02-10 16:05:00,1,22.8,18.9,149.3,-20.1,1104,0.29,0.46,0.32,0.02
2026-02-10 16:05:00,1,22.7,18.8,148.84,-20.1,604,0.05,0.9,0.03,0.02
2026-02-10 16:05:00,0,22.7,18.8,146.53,-20.2,714,0.02,0.91,0.08,0
2026-02-10 16:05:00,0,22.7,18.8,151.6,-20.2,593,0.16,0.78,0.09,0.01
2026-02-10 16:06:00,0,22.8,18.8,150.22,-20.1,930,0.3,0.51,0.25,0.02
2026-02-10 16:06:00,0,22.7,18.8,141.93,-20.2,1747,0.07,0.26,0.65,0.03
2026-02-10 16:06:00,0,22.7,18.8,141,-20.2,437,0.17,0.87,0.06,0
2026-02-10 16:06:00,0,22.8,18.8,146.07,-20.2,1691,0.01,0.4,0.53,0.07
2026-02-10 16:06:00,0,22.8,18.8,146.07,-20.1,513,0.4,0.66,0.05,0
2026-02-10 16:06:00,0,22.7,18.8,144.69,-20.2,617,0.16,0.78,0.09,0
2026-02-10 16:06:00,0,22.8,18.8,143.77,-20.1,848,0.19,0.65,0.19,0.02
2026-02-10 16:06:00,0,22.7,18.8,136.4,-20.2,547,0.08,0.92,0.01,0
2026-02-10 16:06:00,0,22.7,18.8,146.07,-20.2,1902,0.24,0.36,0.22,0.24
2026-02-10 16:06:00,0,22.8,18.8,150.68,-20.1,719,0.09,0.83,0.11,0.01
2026-02-10 16:06:00,0,22.8,18.8,150.68,-20.2,770,0.15,0.75,0.13,0.01
2026-02-10 16:06:00,0,22.7,18.8,150.22,-20.3,1364,0.1,0.6,0.21,0.1
2026-02-10 16:06:00,0,22.8,18.8,149.3,-20.2,1313,0.03,0.6,0.35,0.03
2026-02-10 16:06:00,0,22.8,18.9,149.3,-20.2,787,0.23,0.65,0.15,0.02
2026-02-10 16:06:00,0,22.8,18.9,146.53,-20.1,608,0.16,0.73,0.19,0
2026-02-10 16:06:00,0,22.7,18.9,151.6,-20,560,0.08,0.9,0.04,0
2026-02-10 16:06:00,0,22.8,18.8,155.29,-20.1,382,0.25,0.93,0.03,0
2026-02-10 16:06:00,0,22.8,18.9,152.99,-20.1,538,0.4,0.5,0.15,0
2026-02-10 16:06:00,0,22.8,18.9,154.37,-20.2,628,0.08,0.87,0.05,0
2026-02-10 16:06:00,0,22.8,18.8,153.91,-20.1,1322,0.27,0.38,0.36,0.06
2026-02-10 16:06:00,0,22.8,18.9,156.21,-20.1,736,0.1,0.82,0.21,0
2026-02-10 16:06:00,0,22.7,18.8,155.75,-20.4,369,0.71,0.23,0.07,0.01
2026-02-10 16:06:00,0,22.8,18.8,155.75,-20.3,524,0.17,0.72,0.13,0
2026-02-10 16:06:00,0,22.8,18.9,155.75,-20.1,917,0.28,0.45,0.34,0.02
2026-02-10 16:06:00,0,22.7,18.8,155.75,-20.3,1190,0.13,0.5,0.35,0.03
2026-02-10 16:06:00,0,22.7,18.9,155.75,-20.1,529,0.41,0.63,0.11,0.01
2026-02-10 16:06:00,0,22.8,18.9,155.29,-20,545,0.52,0.52,0.16,0
2026-02-10 16:06:00,0,22.8,18.8,155.75,-20.2,878,0.25,0.51,0.26,0.01
2026-02-10 16:06:00,0,22.7,18.8,155.75,-20.1,588,0.24,0.71,0.08,0
2026-02-10 16:06:00,0,22.7,18.8,155.29,-20.1,692,0.46,0.45,0.18,0.02
2026-02-10 16:06:00,0,22.7,18.8,155.29,-20.2,658,0.48,0.57,0.17,0.02
2026-02-10 16:06:00,0,22.7,18.8,155.29,-20.1,921,0.1,0.62,0.33,0
2026-02-10 16:06:00,0,22.7,18.7,155.29,-20,593,0.31,0.56,0.13,0
2026-02-10 16:06:00,0,22.7,18.8,155.29,-20.2,943,0.18,0.61,0.21,0.01
2026-02-10 16:06:00,0,22.7,18.8,155.75,-20.3,497,0.58,0.35,0.1,0.01
2026-02-10 16:06:00,0,22.7,18.8,155.75,-20.3,475,0.55,0.36,0.12,0
2026-02-10 16:06:00,0,22.7,18.7,155.75,-20.1,490,0.52,0.58,0.11,0.01
2026-02-10 16:06:00,0,22.7,18.7,155.29,-20.1,551,0.25,0.69,0.08,0
2026-02-10 16:06:00,0,22.7,18.8,155.29,-20.1,496,0.46,0.52,0.14,0
2026-02-10 16:06:00,0,22.7,18.7,155.75,-20.2,733,0.17,0.69,0.16,0.01
2026-02-10 16:06:00,0,22.7,18.8,154.83,-20.2,518,0.62,0.4,0.11,0.01
2026-02-10 16:06:00,0,22.7,18.7,153.91,-20.2,938,0.12,0.73,0.21,0.02
2026-02-10 16:06:00,0,22.7,18.7,153.91,-20.3,596,0.17,0.76,0.07,0.01
2026-02-10 16:06:00,0,22.7,18.7,154.37,-20,416,0.46,0.59,0.08,0
2026-02-10 16:06:00,0,22.7,18.7,154.37,-20.1,1259,0.11,0.4,0.53,0.01
2026-02-10 16:06:00,0,22.7,18.7,154.83,-19.3,458,0.72,0.2,0.1,0.01
2026-02-10 16:06:00,0,22.7,18.7,153.91,-20.1,2187,0.13,0.29,0.41,0.18
2026-02-10 16:06:00,0,22.7,18.7,154.37,-20.3,705,0.18,0.9,0.05,0
2026-02-10 16:06:00,0,22.7,18.7,154.37,-20.2,529,0.38,0.6,0.13,0
2026-02-10 16:06:00,0,22.7,18.7,155.29,-20.2,857,0.24,0.57,0.19,0.02
2026-02-10 16:06:00,0,22.7,18.7,155.75,-19.9,1138,0.09,0.46,0.49,0
2026-02-10 16:06:00,0,22.7,18.7,157.13,-20.2,1390,0.24,0.4,0.38,0.05
2026-02-10 16:06:00,0,22.7,18.7,157.59,-20.3,353,0.2,0.78,0.03,0
2026-02-10 16:06:00,0,22.7,18.7,156.67,-20.1,622,0.32,0.74,0.17,0.01
2026-02-10 16:06:00,0,22.7,18.6,157.13,-20.2,607,0.21,0.72,0.09,0
2026-02-10 16:06:00,0,22.7,18.7,156.67,-19.9,1430,0.01,0.55,0.45,0
2026-02-10 16:07:00,0,22.7,18.7,157.13,-20.2,584,0.38,0.48,0.14,0.01
2026-02-10 16:07:00,0,22.7,18.6,156.67,-20.4,1014,0.05,0.66,0.29,0.01
2026-02-10 16:07:00,0,22.7,18.7,156.67,-20.2,951,0.03,0.69,0.28,0
2026-02-10 16:07:00,0,22.7,18.7,157.13,-20.1,622,0.35,0.5,0.19,0
2026-02-10 16:07:00,0,22.7,18.7,157.13,-20.1,646,0.01,0.98,0.02,0
2026-02-10 16:07:00,0,22.7,18.6,156.67,-20.2,799,0.04,0.68,0.29,0
2026-02-10 16:07:00,0,22.7,18.7,157.13,-20.1,678,0.05,0.93,0.04,0
2026-02-10 16:07:00,0,22.7,18.7,156.67,-20.1,583,0.34,0.5,0.17,0
2026-02-10 16:07:00,0,22.7,18.7,157.13,-20.2,1107,0.02,0.63,0.35,0
2026-02-10 16:07:00,0,22.7,18.7,157.13,-20.5,496,0.15,0.85,0.01,0
2026-02-10 16:07:00,0,22.7,18.7,156.67,-20,595,0.42,0.44,0.17,0
2026-02-10 16:07:00,0,22.7,18.7,156.67,-20.5,669,0.41,0.73,0.19,0
2026-02-10 16:07:00,0,22.6,18.7,156.67,-20.1,742,0.02,0.89,0.11,0
2026-02-10 16:07:00,0,22.7,18.7,156.67,-20.2,846,0.01,0.93,0.07,0
2026-02-10 16:07:00,0,22.6,18.7,156.67,-20,524,0.02,0.97,0.01,0
2026-02-10 16:07:00,0,22.6,18.7,156.67,-20.1,422,0.01,0.98,0.01,0
2026-02-10 16:07:00,0,22.6,18.7,156.67,-20.1,334,0.47,0.56,0.05,0
2026-02-10 16:07:00,0,22.6,18.7,156.67,-20.2,494,0.62,0.27,0.11,0.01
2026-02-10 16:07:00,0,22.6,18.7,156.67,-20.3,406,0.53,0.45,0.07,0
2026-02-10 16:07:00,0,22.6,18.7,156.67,-20,731,0.11,0.78,0.13,0
2026-02-10 16:07:00,0,22.6,18.7,156.67,-20.3,1017,0.21,0.57,0.3,0.01
2026-02-10 16:07:00,0,22.6,18.7,156.67,-20,664,0.17,0.72,0.13,0
2026-02-10 16:07:00,0,22.6,18.7,157.13,-20.1,257,0.76,0.31,0.05,0
2026-02-10 16:07:00,0,22.6,18.7,156.67,-20.1,475,0.51,0.66,0.04,0
2026-02-10 16:07:00,0,22.6,18.8,157.13,-20.2,531,0.34,0.71,0.05,0
2026-02-10 16:07:00,0,22.6,18.7,157.13,-20.2,707,0.13,0.78,0.11,0.01
2026-02-10 16:07:00,0,22.6,18.7,157.13,-20.3,436,0.71,0.34,0.1,0.01
2026-02-10 16:07:00,0,22.6,18.7,157.13,-20.2,564,0.14,0.79,0.07,0
2026-02-10 16:07:00,0,22.6,18.7,157.13,-20.2,1079,0.03,0.54,0.48,0
2026-02-10 16:07:00,0,22.6,18.6,157.13,-20.2,508,0.38,0.54,0.1,0
2026-02-10 16:07:00,0,22.6,18.7,157.13,-20.1,650,0.12,0.82,0.1,0
2026-02-10 16:07:00,0,22.6,18.7,157.13,-20.2,739,0.12,0.81,0.12,0
2026-02-10 16:07:00,0,22.6,18.8,157.13,-20.2,734,0,0.91,0.09,0
2026-02-10 16:07:00,0,22.6,18.7,157.13,-20,546,0.54,0.48,0.08,0.02
2026-02-10 16:07:00,0,22.6,18.7,157.13,-20.2,666,0.1,0.86,0.05,0
2026-02-10 16:07:00,0,22.6,18.6,156.67,-20.2,687,0.06,0.84,0.11,0
2026-02-10 16:07:00,0,22.6,18.7,156.67,-20.2,624,0.18,0.7,0.17,0
2026-02-10 16:07:00,0,22.6,18.7,156.67,-20.1,543,0.1,0.84,0.05,0
2026-02-10 16:07:00,0,22.6,18.8,156.67,-20.1,939,0.02,0.75,0.25,0
2026-02-10 16:07:00,0,22.6,18.7,156.67,-20.2,2039,0.21,0.33,0.33,0.15
2026-02-10 16:07:00,0,22.6,18.7,156.67,-20.1,542,0.02,0.96,0.02,0
2026-02-10 16:07:00,0,22.6,18.7,156.67,-20.1,1030,0.04,0.71,0.26,0
2026-02-10 16:07:00,0,22.6,18.7,156.67,-20.1,458,0.42,0.6,0.08,0
2026-02-10 16:07:00,0,22.6,18.7,156.67,-20.2,559,0.17,0.81,0.08,0
2026-02-10 16:07:00,0,22.6,18.7,156.67,-20.2,685,0.06,0.81,0.14,0
2026-02-10 16:07:00,0,22.6,18.7,156.67,-20.2,569,0.07,0.84,0.09,0.01
2026-02-10 16:07:00,0,22.6,18.8,156.67,-20.2,694,0.08,0.92,0.03,0
2026-02-10 16:07:00,0,22.6,18.7,156.21,-20.2,586,0.41,0.64,0.18,0
2026-02-10 16:07:00,0,22.6,18.7,155.75,-20.2,926,0.08,0.71,0.23,0.01
2026-02-10 16:07:00,0,22.6,18.7,152.06,-20.1,612,0.25,0.63,0.18,0.01
2026-02-10 16:07:00,0,22.6,18.8,154.37,-20.2,677,0.25,0.66,0.19,0
2026-02-10 16:07:00,0,22.6,18.8,154.37,-20.2,792,0.38,0.38,0.31,0.01
2026-02-10 16:07:00,0,22.6,18.7,154.37,-20.2,758,0.44,0.48,0.22,0.01
2026-02-10 16:07:00,0,22.6,18.7,154.37,-20.2,901,0.09,0.71,0.25,0
2026-02-10 16:07:00,0,22.6,18.7,154.83,-20.1,409,0.39,0.74,0.1,0
2026-02-10 16:07:00,0,22.6,18.8,154.37,-20.1,493,0.5,0.61,0.13,0.01
2026-02-10 16:08:00,0,22.6,18.7,155.29,-20.3,660,0.21,0.74,0.1,0
2026-02-10 16:08:00,0,22.6,18.8,155.75,-20.1,498,0.42,0.72,0.11,0.01
2026-02-10 16:08:00,0,22.6,18.8,155.75,-20.1,375,0.66,0.28,0.09,0
2026-02-10 16:08:00,0,22.6,18.7,155.29,-20.1,651,0.34,0.57,0.14,0.03
2026-02-10 16:08:00,0,22.6,18.8,155.29,-20.2,564,0.14,0.77,0.1,0.01
2026-02-10 16:08:00,0,22.6,18.8,155.29,-20.2,743,0.44,0.35,0.23,0.01
2026-02-10 16:08:00,0,22.6,18.7,155.29,-20.1,540,0.09,0.89,0.04,0
2026-02-10 16:08:00,0,22.6,18.8,155.75,-20.2,2458,0.05,0.29,0.55,0.15
2026-02-10 16:08:00,0,22.6,18.9,155.29,-20.1,625,0.14,0.83,0.15,0
2026-02-10 16:08:00,0,22.6,18.7,152.06,-20.1,793,0.18,0.56,0.27,0
2026-02-10 16:08:00,1,22.6,18.8,151.14,-19.6,839,0.05,0.75,0.23,0
2026-02-10 16:08:00,1,22.6,18.8,149.76,-20.1,714,0.23,0.78,0.18,0
2026-02-10 16:08:00,0,22.6,18.8,152.06,-20.1,426,0.52,0.48,0.08,0
2026-02-10 16:08:00,0,22.6,18.7,152.06,-20.1,862,0,0.82,0.18,0
2026-02-10 16:08:00,0,22.6,18.8,149.76,-19.9,660,0.05,0.86,0.09,0
2026-02-10 16:08:00,0,22.6,18.8,151.6,-20.1,501,0.03,0.95,0.02,0
2026-02-10 16:08:00,0,22.6,18.9,152.52,-20.1,666,0.37,0.57,0.2,0
2026-02-10 16:08:00,0,22.6,18.8,153.91,-20,1231,0.13,0.64,0.21,0.06
2026-02-10 16:08:00,0,22.6,18.8,156.21,-20.3,422,0.22,0.82,0.08,0
2026-02-10 16:08:00,0,22.6,18.8,156.67,-20.3,536,0.57,0.27,0.16,0.01
2026-02-10 16:08:00,0,22.6,18.8,156.67,-20.1,949,0.21,0.54,0.28,0.03
2026-02-10 16:08:00,0,22.6,18.8,156.21,-20.3,751,0.18,0.57,0.25,0.01
2026-02-10 16:08:00,0,22.6,18.8,156.67,-20.1,750,0.11,0.77,0.19,0
2026-02-10 16:08:00,0,22.6,18.8,156.67,-20.1,510,0.33,0.65,0.04,0
2026-02-10 16:08:00,0,22.6,18.8,156.67,-20.3,339,0.51,0.49,0.07,0
2026-02-10 16:08:00,0,22.6,18.8,156.67,-20,868,0.08,0.65,0.23,0.04
2026-02-10 16:08:00,0,22.6,18.7,156.67,-20.2,799,0.1,0.58,0.33,0
2026-02-10 16:08:00,0,22.6,18.8,156.67,-20.1,529,0.35,0.71,0.15,0
2026-02-10 16:08:00,0,22.6,18.8,156.67,-20.2,727,0.34,0.49,0.27,0
2026-02-10 16:08:00,0,22.6,18.8,156.67,-20.4,627,0.14,0.77,0.11,0
2026-02-10 16:08:00,0,22.6,18.8,156.67,-20.1,605,0.3,0.54,0.16,0.01
2026-02-10 16:08:00,0,22.6,18.8,156.67,-20.2,529,0.26,0.64,0.12,0
2026-02-10 16:08:00,0,22.6,18.7,156.67,-20.3,502,0.55,0.37,0.08,0.03
2026-02-10 16:08:00,0,22.6,18.8,156.21,-20.1,681,0.32,0.5,0.18,0.01
2026-02-10 16:08:00,0,22.6,18.7,156.21,-20.1,892,0.38,0.41,0.38,0.01
2026-02-10 16:08:00,0,22.6,18.8,156.21,-20,553,0.29,0.64,0.12,0.01
2026-02-10 16:08:00,0,22.6,18.8,156.21,-20.2,368,0.45,0.68,0.07,0
2026-02-10 16:08:00,0,22.6,18.8,156.21,-20,743,0.24,0.6,0.18,0.01
2026-02-10 16:08:00,0,22.6,18.8,155.29,-20.1,664,0.18,0.76,0.15,0
2026-02-10 16:08:00,0,22.6,18.7,154.37,-20.2,759,0.41,0.5,0.22,0
2026-02-10 16:08:00,0,22.6,18.7,146.07,-19.8,664,0.01,0.98,0.02,0
2026-02-10 16:08:00,0,22.6,18.7,151.6,-20.1,843,0.27,0.58,0.21,0.01
2026-02-10 16:08:00,0,22.6,18.7,152.06,-20.1,511,0.46,0.49,0.14,0.01
2026-02-10 16:08:00,0,22.6,18.8,153.45,-20.2,605,0.52,0.56,0.17,0.01
2026-02-10 16:08:00,0,22.6,18.8,153.91,-20,553,0.34,0.71,0.06,0
2026-02-10 16:08:00,0,22.6,18.8,155.29,-20.2,697,0.14,0.74,0.16,0.01
2026-02-10 16:08:00,0,22.6,18.8,153.45,-20.2,569,0.32,0.61,0.13,0.01
2026-02-10 16:08:00,0,22.6,18.9,152.99,-20.1,659,0.31,0.55,0.16,0
2026-02-10 16:08:00,0,22.5,18.8,152.06,-20.3,904,0.15,0.6,0.26,0.02
2026-02-10 16:08:00,0,22.6,18.9,154.83,-20.1,992,0.04,0.68,0.28,0
2026-02-10 16:08:00,0,22.6,18.8,154.83,-20.1,1165,0.09,0.61,0.27,0.05
2026-02-10 16:08:00,0,22.6,18.9,151.14,-20.2,763,0.15,0.71,0.21,0
2026-02-10 16:08:00,0,22.5,18.9,150.68,-20.2,282,0.07,0.92,0.01,0
2026-02-10 16:08:00,0,22.6,18.9,152.06,-20.2,597,0.34,0.49,0.17,0
2026-02-10 16:08:00,0,22.6,18.9,152.52,-20.2,881,0.24,0.49,0.31,0.01
2026-02-10 16:08:00,0,22.5,18.9,153.45,-20,467,0.2,0.9,0.05,0
2026-02-10 16:09:00,0,22.6,18.9,152.99,-20.1,524,0.52,0.44,0.12,0.01
2026-02-10 16:09:00,0,22.6,18.8,152.99,-20.1,517,0.41,0.55,0.13,0.01
2026-02-10 16:09:00,0,22.6,18.9,152.99,-20.2,685,0.25,0.68,0.19,0
2026-02-10 16:09:00,0,22.6,18.9,153.45,-20.2,750,0.25,0.53,0.23,0
2026-02-10 16:09:00,0,22.6,18.8,152.99,-20.2,331,0.63,0.42,0.04,0
2026-02-10 16:09:00,0,22.6,18.8,152.06,-20,581,0.54,0.41,0.18,0.01
2026-02-10 16:09:00,0,22.6,18.8,152.52,-20.2,705,0.14,0.71,0.17,0
2026-02-10 16:09:00,0,22.6,18.9,152.99,-20.1,839,0.4,0.36,0.27,0.01
2026-02-10 16:09:00,0,22.6,18.8,152.52,-20.3,406,0.59,0.41,0.09,0.01
2026-02-10 16:09:00,0,22.6,18.9,152.52,-20.2,562,0.28,0.65,0.11,0
2026-02-10 16:09:00,0,22.6,18.9,152.99,-20.2,487,0.04,0.94,0.03,0
2026-02-10 16:09:00,0,22.6,18.9,152.52,-20,652,0.06,0.91,0.06,0
2026-02-10 16:09:00,0,22.6,18.9,152.99,-20.2,350,0.61,0.54,0.05,0
2026-02-10 16:09:00,0,22.6,18.8,150.68,-20.2,1586,0.24,0.25,0.58,0
2026-02-10 16:09:00,0,22.5,18.8,150.22,-20.2,799,0.29,0.62,0.2,0
2026-02-10 16:09:00,0,22.6,18.8,150.22,-20.1,378,0.46,0.64,0.06,0
2026-02-10 16:09:00,0,22.6,18.8,150.22,-20.3,465,0.31,0.63,0.08,0
2026-02-10 16:09:00,0,22.6,18.9,152.52,-20.2,539,0.2,0.83,0.08,0
2026-02-10 16:09:00,0,22.6,18.8,152.06,-20.2,451,0.59,0.32,0.11,0
2026-02-10 16:09:00,0,22.6,18.8,152.06,-20.1,753,0.39,0.37,0.26,0.01
2026-02-10 16:09:00,0,22.6,18.8,153.45,-20.2,287,0.52,0.46,0.03,0
2026-02-10 16:09:00,0,22.6,18.8,153.45,-20.2,521,0.58,0.33,0.13,0.01
2026-02-10 16:09:00,0,22.6,18.8,152.06,-20.2,580,0.29,0.68,0.06,0
2026-02-10 16:09:00,0,22.6,18.8,153.91,-20.1,661,0.02,0.92,0.06,0
2026-02-10 16:09:00,0,22.6,18.8,152.99,-20.2,290,0.42,0.57,0.02,0
2026-02-10 16:09:00,0,22.6,18.8,153.45,-20.3,784,0.07,0.79,0.15,0
2026-02-10 16:09:00,0,22.6,18.8,151.6,-20.1,756,0.28,0.62,0.2,0.01
2026-02-10 16:09:00,0,22.6,18.8,150.68,-20.2,431,0.6,0.34,0.1,0
2026-02-10 16:09:00,0,22.6,18.8,144.69,-20.3,523,0.41,0.58,0.11,0
2026-02-10 16:09:00,0,22.6,18.8,151.6,-20.2,771,0.06,0.78,0.17,0
2026-02-10 16:09:00,0,22.6,18.8,151.14,-20.2,282,0.82,0.2,0.05,0
2026-02-10 16:09:00,0,22.6,18.8,151.6,-20.2,444,0.25,0.74,0.06,0
2026-02-10 16:09:00,0,22.6,18.8,151.6,-20.3,688,0.5,0.5,0.25,0.01
2026-02-10 16:09:00,0,22.6,18.8,151.6,-20.4,517,0.69,0.15,0.17,0
2026-02-10 16:09:00,0,22.6,18.8,151.6,-19.8,523,0.48,0.57,0.08,0
2026-02-10 16:09:00,0,22.6,18.8,151.6,-20.3,581,0.43,0.43,0.16,0
2026-02-10 16:09:00,0,22.6,18.8,151.6,-20.2,816,0.13,0.63,0.27,0
2026-02-10 16:09:00,0,22.6,18.8,151.6,-20.2,682,0.33,0.5,0.2,0
2026-02-10 16:09:00,0,22.6,18.8,152.06,-20,619,0.59,0.27,0.14,0.02
2026-02-10 16:09:00,0,22.6,18.8,152.06,-20.3,714,0.25,0.66,0.21,0
2026-02-10 16:09:00,0,22.6,18.8,152.06,-20.2,725,0.2,0.68,0.15,0.01
2026-02-10 16:09:00,0,22.6,18.8,152.06,-20.1,588,0.36,0.64,0.09,0.01
2026-02-10 16:09:00,0,22.6,18.8,152.06,-20.3,685,0.43,0.5,0.12,0.01
2026-02-10 16:09:00,0,22.6,18.8,152.06,-20,363,0.45,0.58,0.02,0
2026-02-10 16:09:00,0,22.6,18.8,152.06,-20.2,498,0.45,0.48,0.09,0
2026-02-10 16:09:00,0,22.6,18.8,152.06,-20.2,761,0.3,0.46,0.26,0.01
2026-02-10 16:09:00,0,22.6,18.8,152.06,-19.9,646,0.27,0.69,0.14,0.01
2026-02-10 16:09:00,0,22.6,18.7,152.06,-20,452,0.55,0.44,0.05,0
2026-02-10 16:09:00,0,22.6,18.8,152.06,-20.2,648,0.39,0.4,0.27,0
2026-02-10 16:09:00,0,22.6,18.8,154.83,-20.2,678,0.47,0.36,0.19,0.01
2026-02-10 16:09:00,0,22.6,18.7,155.75,-20,552,0.36,0.5,0.16,0
2026-02-10 16:09:00,0,22.6,18.7,153.45,-20.1,941,0.38,0.37,0.31,0.02
2026-02-10 16:09:00,0,22.6,18.7,152.99,-20.1,554,0.38,0.69,0.13,0
2026-02-10 16:09:00,0,22.6,18.7,154.37,-20.3,434,0.29,0.82,0.05,0
2026-02-10 16:09:00,0,22.6,18.7,154.37,-20.1,573,0.22,0.7,0.11,0
2026-02-10 16:09:00,0,22.6,18.8,154.37,-20.2,440,0.62,0.3,0.09,0.01
2026-02-10 16:10:00,0,22.6,18.7,154.83,-20.1,655,0.3,0.52,0.19,0.01
2026-02-10 16:10:00,0,22.6,18.8,154.37,-20.1,891,0.08,0.71,0.23,0
2026-02-10 16:10:00,0,22.6,18.7,154.83,-20.3,529,0.48,0.42,0.14,0.01
2026-02-10 16:10:00,0,22.6,18.8,154.83,-20.2,659,0.51,0.37,0.18,0.01
2026-02-10 16:10:00,0,22.6,18.8,157.13,-20.1,565,0.42,0.53,0.06,0
2026-02-10 16:10:00,0,22.6,18.8,157.59,-20,779,0.09,0.78,0.18,0
2026-02-10 16:10:00,0,22.5,18.8,157.13,-20.2,762,0.15,0.65,0.25,0
2026-02-10 16:10:00,0,22.6,18.8,157.13,-20.1,621,0.44,0.39,0.18,0
2026-02-10 16:10:00,0,22.6,18.8,157.13,-20.1,836,0.42,0.35,0.28,0.01
2026-02-10 16:10:00,0,22.6,18.7,157.59,-20.2,584,0.49,0.39,0.16,0.01
2026-02-10 16:10:00,0,22.6,18.8,157.13,-20.2,422,0.67,0.33,0.09,0.01
2026-02-10 16:10:00,0,22.6,18.7,157.13,-20.1,889,0.49,0.36,0.26,0.03
2026-02-10 16:10:00,0,22.6,18.8,157.13,-20.1,374,0.75,0.19,0.09,0
2026-02-10 16:10:00,0,22.5,18.7,156.21,-20.4,373,0.72,0.33,0.07,0.01
2026-02-10 16:10:00,0,22.6,18.8,155.75,-20.1,910,0.17,0.71,0.15,0.01
2026-02-10 16:10:00,0,22.6,18.7,156.67,-20.2,1332,0.46,0.27,0.26,0.12
2026-02-10 16:10:00,0,22.6,18.8,156.67,-20.1,495,0.58,0.47,0.16,0
2026-02-10 16:10:00,0,22.6,18.7,156.67,-20.2,446,0.5,0.63,0.08,0.01
2026-02-10 16:10:00,0,22.6,18.7,153.45,-20.1,1150,0.33,0.43,0.22,0.08
2026-02-10 16:10:00,0,22.5,18.7,154.37,-20.2,376,0.7,0.53,0.08,0
2026-02-10 16:10:00,0,22.5,18.8,154.37,-20.2,706,0.3,0.67,0.14,0.01
2026-02-10 16:10:00,0,22.5,18.7,154.37,-20.1,665,0.33,0.49,0.18,0.01
2026-02-10 16:10:00,0,22.5,18.7,153.91,-20.1,581,0.43,0.61,0.13,0.01
2026-02-10 16:10:00,0,22.6,18.7,153.91,-20.2,557,0.47,0.38,0.17,0
2026-02-10 16:10:00,0,22.6,18.7,153.45,-20.2,1962,0.34,0.17,0.39,0.15
2026-02-10 16:10:00,0,22.6,18.8,151.14,-20.1,535,0.45,0.39,0.16,0
2026-02-10 16:10:00,1,22.6,18.7,119.81,-20.3,901,0.11,0.64,0.25,0
2026-02-10 16:10:00,1,22.6,18.7,101.38,-20.2,344,0.23,0.83,0.02,0
2026-02-10 16:10:00,1,22.6,18.8,114.28,-20.2,404,0.4,0.55,0.06,0
2026-02-10 16:10:00,1,22.6,18.9,110.59,-20.2,509,0.31,0.67,0.1,0.01
2026-02-10 16:10:00,1,22.6,18.9,105.98,-20.2,565,0.32,0.64,0.09,0
2026-02-10 16:10:00,1,22.5,19,98.15,-20.2,323,0.53,0.59,0.04,0
2026-02-10 16:10:00,1,22.6,19.1,98.15,-20.1,631,0.12,0.82,0.07,0
2026-02-10 16:10:00,1,22.6,19.2,101.38,-20.1,544,0.37,0.56,0.09,0
2026-02-10 16:10:00,0,22.6,19.4,103.68,-20.2,479,0.27,0.68,0.08,0
2026-02-10 16:10:00,0,22.6,19.4,102.76,-20.3,1271,0.08,0.39,0.55,0.01
2026-02-10 16:10:00,0,22.6,19.4,124.42,-19.9,670,0.02,0.97,0.03,0
2026-02-10 16:10:00,1,22.6,19.4,110.13,-20.3,384,0.14,0.86,0.02,0
2026-02-10 16:10:00,1,22.6,19.4,111.51,-20,617,0.03,0.9,0.07,0
2026-02-10 16:10:00,1,22.6,19.4,112.44,-20,503,0.04,0.89,0.1,0
2026-02-10 16:10:00,1,22.6,19.3,116.58,-20.2,955,0.1,0.69,0.18,0.04
2026-02-10 16:10:00,1,22.6,19.4,118.89,-20.1,570,0.36,0.74,0.14,0.01
2026-02-10 16:10:00,1,22.6,19.4,124.42,-20.2,830,0.07,0.71,0.22,0
2026-02-10 16:10:00,1,22.6,19.4,116.12,-20.1,909,0,0.78,0.22,0
2026-02-10 16:10:00,1,22.6,19.3,107.83,-20.2,541,0.09,0.89,0.03,0
2026-02-10 16:10:00,1,22.6,19.3,100.45,-20.2,520,0.3,0.63,0.09,0
2026-02-10 16:10:00,0,22.6,19.3,104.6,-20.1,890,0.03,0.74,0.24,0
2026-02-10 16:10:00,1,22.6,19.3,105.06,-20.3,596,0.1,0.87,0.06,0.02
2026-02-10 16:10:00,1,22.6,19.3,108.75,-20.1,291,0.67,0.29,0.04,0
2026-02-10 16:10:00,0,22.6,19.3,112.9,-20.2,492,0.04,0.92,0.04,0
2026-02-10 16:10:00,0,22.6,19.3,108.75,-20.3,407,0.49,0.8,0.05,0
2026-02-10 16:10:00,1,22.6,19.2,116.12,-20.1,465,0.08,0.9,0.03,0
2026-02-10 16:10:00,1,22.6,19.2,148.84,-20.1,461,0.28,0.65,0.07,0
2026-02-10 16:10:00,1,22.6,19.3,154.37,-20.1,1004,0.38,0.42,0.22,0.04
2026-02-10 16:10:00,1,22.6,19.2,157.59,-20.1,435,0.46,0.59,0.04,0
2026-02-10 16:11:00,1,22.6,19.2,158.05,-20.1,627,0.16,0.76,0.1,0.01
2026-02-10 16:11:00,0,22.6,19.2,158.05,-20.1,429,0.35,0.58,0.12,0
2026-02-10 16:11:00,0,22.6,19.2,157.13,-20.2,572,0.4,0.44,0.2,0
2026-02-10 16:11:00,0,22.6,19.2,157.59,-20.1,631,0.33,0.52,0.15,0.01
2026-02-10 16:11:00,0,22.6,19.2,157.59,-20.1,847,0.39,0.39,0.29,0.01
2026-02-10 16:11:00,0,22.6,19.2,157.59,-20.1,915,0.31,0.44,0.29,0.02
2026-02-10 16:11:00,0,22.6,19.2,157.59,-20.2,458,0.08,0.87,0.07,0
2026-02-10 16:11:00,0,22.6,19.2,157.59,-20.2,615,0.2,0.76,0.15,0
2026-02-10 16:11:00,0,22.6,19.2,158.05,-20.1,749,0.15,0.67,0.21,0
2026-02-10 16:11:00,0,22.6,19.1,158.52,-20.1,1090,0.16,0.43,0.4,0.01
2026-02-10 16:11:00,0,22.5,19.2,158.05,-20.2,564,0.02,0.97,0.01,0
2026-02-10 16:11:00,0,22.6,19.2,157.59,-20.2,694,0.14,0.81,0.06,0.01
2026-02-10 16:11:00,0,22.5,19,157.59,-20,713,0.18,0.78,0.15,0
2026-02-10 16:11:00,0,22.5,19.2,158.05,-20.2,474,0.54,0.54,0.08,0.01
2026-02-10 16:11:00,0,22.6,19.1,158.05,-20.2,805,0.43,0.46,0.25,0.01
2026-02-10 16:11:00,0,22.5,19.1,158.05,-20.3,429,0.4,0.58,0.08,0
2026-02-10 16:11:00,0,22.6,19.1,157.59,-20.1,382,0.58,0.38,0.06,0
2026-02-10 16:11:00,0,22.5,19.1,158.05,-20.3,649,0.23,0.7,0.19,0
2026-02-10 16:11:00,0,22.6,19.1,157.59,-20.2,561,0.39,0.59,0.13,0
2026-02-10 16:11:00,0,22.5,19.1,158.05,-20.3,495,0.05,0.88,0.07,0
2026-02-10 16:11:00,0,22.6,19.1,157.59,-20.2,930,0.14,0.61,0.27,0
2026-02-10 16:11:00,0,22.5,19.1,158.05,-20.1,544,0.06,0.86,0.08,0
2026-02-10 16:11:00,0,22.5,19.1,158.05,-20.2,602,0.11,0.85,0.05,0
2026-02-10 16:11:00,0,22.5,19.1,158.05,-20.1,675,0.13,0.81,0.09,0
2026-02-10 16:11:00,0,22.5,19.1,158.05,-20.2,620,0.03,0.96,0.02,0
2026-02-10 16:11:00,0,22.5,19.1,158.05,-20.2,931,0.17,0.64,0.23,0.01
2026-02-10 16:11:00,0,22.5,19.1,158.05,-20.2,712,0.18,0.72,0.11,0
2026-02-10 16:11:00,0,22.5,19,158.05,-20,637,0.56,0.27,0.22,0.01
2026-02-10 16:11:00,0,22.5,19.1,158.05,-20.2,831,0.16,0.47,0.39,0
2026-02-10 16:11:00,0,22.5,19.1,158.05,-20.1,726,0.09,0.73,0.18,0
2026-02-10 16:11:00,0,22.5,19,157.59,-20.2,340,0.85,0.42,0.06,0
2026-02-10 16:11:00,0,22.5,19.1,157.59,-20.3,902,0.15,0.63,0.25,0
2026-02-10 16:11:00,0,22.5,19,158.05,-20,1030,0.33,0.28,0.43,0.01
2026-02-10 16:11:00,0,22.5,19.1,158.05,-20,528,0.6,0.3,0.19,0.01
2026-02-10 16:11:00,0,22.5,19.1,158.05,-20,712,0.33,0.54,0.2,0.01
2026-02-10 16:11:00,0,22.5,19,158.05,-20.1,452,0.32,0.72,0.03,0
2026-02-10 16:11:00,0,22.5,19.1,158.05,-20.3,690,0.43,0.51,0.16,0.01
2026-02-10 16:11:00,0,22.5,19,158.05,-20,487,0.42,0.49,0.09,0
2026-02-10 16:11:00,0,22.5,19.1,158.05,-20.3,718,0.27,0.49,0.26,0
2026-02-10 16:11:00,0,22.5,19.1,158.05,-20.2,743,0.6,0.3,0.19,0.02
2026-02-10 16:11:00,0,22.5,19,158.05,-20.1,672,0.37,0.48,0.17,0
2026-02-10 16:11:00,0,22.5,19.1,157.59,-19.9,669,0.15,0.72,0.15,0
2026-02-10 16:11:00,0,22.5,19,157.59,-19.9,694,0.17,0.69,0.19,0
2026-02-10 16:11:00,0,22.5,19,157.59,-20,539,0.42,0.57,0.11,0.01
2026-02-10 16:11:00,0,22.5,19,157.59,-19.9,709,0.17,0.72,0.14,0
2026-02-10 16:11:00,0,22.5,19,157.59,-20.2,888,0.32,0.53,0.3,0.01
2026-02-10 16:11:00,0,22.5,19,158.05,-20,622,0.04,0.91,0.06,0
2026-02-10 16:11:00,0,22.5,19,157.59,-20.1,675,0.15,0.71,0.16,0
2026-02-10 16:11:00,0,22.5,19.1,157.59,-20.2,1067,0.25,0.45,0.37,0.01
2026-02-10 16:11:00,0,22.5,19,158.05,-20.2,648,0.13,0.74,0.13,0.01
2026-02-10 16:11:00,0,22.5,19,157.59,-20.1,673,0.45,0.41,0.21,0.01
2026-02-10 16:11:00,0,22.5,19,157.59,-20.1,951,0.29,0.49,0.28,0.02
2026-02-10 16:11:00,0,22.5,19,158.05,-20.2,667,0.28,0.63,0.18,0.01
2026-02-10 16:11:00,0,22.5,19,158.05,-20.3,1108,0.09,0.42,0.51,0
2026-02-10 16:11:00,0,22.5,19,157.59,-20.1,556,0.34,0.58,0.11,0
2026-02-10 16:11:00,0,22.5,19.1,157.59,-20.2,710,0.2,0.77,0.1,0
2026-02-10 16:12:00,0,22.5,19,157.59,-20.2,539,0.67,0.24,0.16,0.01
2026-02-10 16:12:00,0,22.5,19,158.05,-20.2,640,0.07,0.91,0.02,0
2026-02-10 16:12:00,0,22.5,19,157.59,-20.2,701,0.06,0.85,0.1,0
2026-02-10 16:12:00,0,22.5,19,158.05,-20.3,631,0.16,0.74,0.11,0
2026-02-10 16:12:00,0,22.5,19,158.05,-20.1,733,0.42,0.57,0.25,0.01
2026-02-10 16:12:00,0,22.5,19,158.05,-20.2,675,0.4,0.52,0.19,0.01
2026-02-10 16:12:00,0,22.5,19,157.59,-20.1,1023,0.13,0.56,0.34,0
2026-02-10 16:12:00,0,22.5,19,158.05,-20.1,546,0.04,0.89,0.08,0
2026-02-10 16:12:00,0,22.5,19,158.52,-20.2,601,0.2,0.75,0.06,0
2026-02-10 16:12:00,0,22.5,18.9,158.52,-20.2,689,0.17,0.73,0.11,0
2026-02-10 16:12:00,0,22.5,19,158.52,-20.1,596,0.27,0.61,0.13,0.01
2026-02-10 16:12:00,0,22.5,19,158.52,-20.2,427,0.54,0.37,0.11,0.01
2026-02-10 16:12:00,0,22.5,19,158.52,-20.2,723,0.32,0.47,0.22,0
2026-02-10 16:12:00,0,22.5,19,158.52,-20.2,711,0.17,0.69,0.15,0
2026-02-10 16:12:00,0,22.5,18.9,158.52,-20.2,1201,0.33,0.16,0.52,0.01
2026-02-10 16:12:00,0,22.5,19,158.52,-20.2,912,0.08,0.6,0.36,0
2026-02-10 16:12:00,0,22.5,18.9,158.52,-20.1,604,0.2,0.64,0.16,0
2026-02-10 16:12:00,0,22.5,18.9,158.52,-20.2,596,0.06,0.9,0.04,0
2026-02-10 16:12:00,0,22.5,19,158.52,-20.2,784,0.15,0.67,0.18,0.01
2026-02-10 16:12:00,0,22.5,19,158.52,-20.1,605,0.15,0.77,0.11,0
2026-02-10 16:12:00,0,22.5,19,158.52,-20.2,765,0.02,0.85,0.14,0
2026-02-10 16:12:00,0,22.5,19,158.52,-20.1,452,0.05,0.92,0.03,0
2026-02-10 16:12:00,0,22.5,18.9,158.52,-20.1,1285,0.13,0.53,0.38,0.04
2026-02-10 16:12:00,0,22.5,19,158.52,-20.2,521,0.55,0.32,0.14,0.01
2026-02-10 16:12:00,0,22.5,18.9,158.52,-20.2,627,0.04,0.9,0.07,0
2026-02-10 16:12:00,0,22.5,19,158.52,-20.3,831,0.33,0.44,0.26,0
2026-02-10 16:12:00,0,22.5,19,158.52,-20.2,498,0.24,0.64,0.14,0
2026-02-10 16:12:00,0,22.5,19,158.52,-20.2,1015,0.22,0.47,0.34,0
2026-02-10 16:12:00,0,22.5,19,158.05,-20.2,599,0.01,0.91,0.09,0
2026-02-10 16:12:00,0,22.5,18.9,158.52,-20.2,569,0.07,0.93,0.03,0
2026-02-10 16:12:00,0,22.5,19,158.98,-20.1,588,0.31,0.56,0.14,0
2026-02-10 16:12:00,0,22.5,18.9,158.52,-20.1,931,0.17,0.55,0.29,0
2026-02-10 16:12:00,0,22.5,19,158.52,-20.1,900,0.02,0.71,0.28,0
2026-02-10 16:12:00,0,22.5,19,158.52,-20.2,654,0.26,0.84,0.1,0.01
2026-02-10 16:12:00,0,22.5,19,158.52,-20.3,961,0.1,0.61,0.31,0
2026-02-10 16:12:00,0,22.5,18.9,158.52,-20.1,870,0.09,0.64,0.3,0
2026-02-10 16:12:00,0,22.5,19,158.52,-20.1,571,0.08,0.88,0.05,0
2026-02-10 16:12:00,0,22.5,18.9,158.52,-20.2,592,0.37,0.53,0.14,0.01
2026-02-10 16:12:00,0,22.5,18.9,158.52,-20.2,602,0.26,0.68,0.09,0
2026-02-10 16:12:00,0,22.5,18.9,158.52,-20.2,708,0.45,0.35,0.24,0.01
2026-02-10 16:12:00,0,22.5,18.9,158.52,-20.3,664,0.22,0.68,0.17,0
2026-02-10 16:12:00,0,22.5,18.9,158.52,-20.2,662,0.45,0.41,0.23,0
2026-02-10 16:12:00,0,22.5,18.9,158.52,-20.3,883,0.26,0.55,0.29,0.01
2026-02-10 16:12:00,0,22.5,18.9,158.52,-20.2,749,0.32,0.5,0.28,0
2026-02-10 16:12:00,0,22.5,18.9,158.52,-20,466,0.59,0.43,0.12,0.01
2026-02-10 16:12:00,0,22.5,18.9,158.52,-20.2,433,0.58,0.35,0.06,0.01
2026-02-10 16:12:00,0,22.5,18.9,158.98,-20.2,704,0.24,0.62,0.14,0
2026-02-10 16:12:00,0,22.5,18.9,158.98,-20.2,624,0.13,0.7,0.17,0
2026-02-10 16:12:00,0,22.5,18.9,159.44,-20.3,990,0.12,0.5,0.39,0.02
2026-02-10 16:12:00,0,22.5,18.9,159.44,-20.2,552,0.19,0.74,0.1,0
2026-02-10 16:12:00,0,22.5,18.9,159.44,-20.3,625,0.06,0.85,0.11,0
2026-02-10 16:12:00,0,22.5,18.9,159.44,-20.1,727,0.27,0.5,0.25,0
2026-02-10 16:12:00,0,22.5,18.9,159.44,-20.2,603,0.35,0.56,0.14,0
2026-02-10 16:12:00,0,22.5,18.9,158.98,-20.3,680,0.25,0.55,0.21,0
2026-02-10 16:12:00,0,22.5,18.9,158.52,-20.1,459,0.17,0.92,0.06,0
2026-02-10 16:12:00,0,22.4,18.8,158.52,-20.1,770,0.25,0.56,0.2,0
2026-02-10 16:13:00,0,22.4,18.9,158.52,-20.3,570,0.05,0.9,0.07,0
2026-02-10 16:13:00,0,22.4,18.9,158.52,-20.2,445,0.69,0.28,0.11,0.01
2026-02-10 16:13:00,0,22.4,18.8,158.52,-20.1,593,0.41,0.46,0.14,0
2026-02-10 16:13:00,0,22.4,18.9,158.52,-20.2,984,0.36,0.32,0.36,0.02
2026-02-10 16:13:00,0,22.4,18.8,158.52,-20.2,753,0.4,0.4,0.2,0.01
2026-02-10 16:13:00,0,22.4,18.9,158.52,-20.2,497,0.03,0.92,0.06,0
2026-02-10 16:13:00,0,22.4,18.8,158.05,-20.2,617,0.36,0.55,0.14,0
2026-02-10 16:13:00,0,22.4,18.9,157.59,-20.1,539,0.46,0.41,0.14,0.01
2026-02-10 16:13:00,0,22.4,18.9,157.13,-20.1,2504,0.21,0.23,0.39,0.22
2026-02-10 16:13:00,0,22.4,18.9,158.05,-20.1,477,0.25,0.87,0.09,0
2026-02-10 16:13:00,1,22.4,18.9,154.83,-20.1,557,0.44,0.55,0.12,0.01
2026-02-10 16:13:00,1,22.4,18.9,150.68,-20.1,476,0.53,0.64,0.12,0
2026-02-10 16:13:00,1,22.4,18.8,156.67,-20.2,1109,0.09,0.54,0.38,0.01
2026-02-10 16:13:00,1,22.4,18.8,157.13,-20.2,1496,0.02,0.36,0.61,0.01
2026-02-10 16:13:00,1,22.4,18.8,157.13,-20.2,300,0.12,0.93,0.04,0
2026-02-10 16:13:00,0,22.4,18.8,157.13,-20.2,764,0.29,0.46,0.25,0.02
2026-02-10 16:13:00,0,22.4,18.8,156.67,-20.3,366,0.3,0.79,0.06,0
2026-02-10 16:13:00,0,22.4,18.9,156.21,-20.2,530,0.11,0.88,0.04,0
2026-02-10 16:13:00,0,22.4,18.9,156.67,-20.1,547,0.27,0.77,0.1,0.01
2026-02-10 16:13:00,0,22.4,18.8,153.45,-20.2,1044,0.09,0.65,0.24,0.03
2026-02-10 16:13:00,0,22.4,18.8,136.4,-19.9,611,0.19,0.75,0.09,0
2026-02-10 16:13:00,1,22.4,18.9,146.53,-20.3,725,0.34,0.44,0.23,0.01
2026-02-10 16:13:00,1,22.4,18.9,153.45,-20.1,977,0.06,0.73,0.24,0
2026-02-10 16:13:00,1,22.4,18.9,148.84,-20.5,474,0.48,0.64,0.11,0
2026-02-10 16:13:00,1,22.4,18.9,149.3,-20.1,499,0.21,0.77,0.02,0
2026-02-10 16:13:00,1,22.4,18.9,151.6,-20.4,2096,0.06,0.45,0.37,0.14
2026-02-10 16:13:00,1,22.4,18.9,139.16,-20.1,378,0.42,0.74,0.07,0
2026-02-10 16:13:00,1,22.4,18.9,95.39,-20.2,1008,0.21,0.58,0.29,0.03
2026-02-10 16:13:00,1,22.4,18.9,100.92,-20.2,371,0.55,0.71,0.09,0
2026-02-10 16:13:00,1,22.4,18.9,129.95,-20.3,500,0.23,0.73,0.07,0
2026-02-10 16:13:00,1,22.4,18.9,148.84,-20.2,702,0.16,0.76,0.15,0
2026-02-10 16:13:00,1,22.3,18.9,148.84,-20.2,412,0.64,0.27,0.09,0
2026-02-10 16:13:00,1,22.4,18.9,148.84,-20.1,482,0.43,0.87,0.09,0
2026-02-10 16:13:00,1,22.4,18.9,148.84,-20.2,865,0.49,0.26,0.29,0.02
2026-02-10 16:13:00,1,22.4,18.9,150.68,-20.2,469,0.23,0.72,0.07,0
2026-02-10 16:13:00,1,22.4,19,150.22,-20.1,502,0.33,0.61,0.07,0
2026-02-10 16:13:00,1,22.4,18.9,146.07,-20.1,488,0.48,0.64,0.09,0.02
2026-02-10 16:13:00,1,22.4,19,147,-20.2,457,0.59,0.3,0.14,0
2026-02-10 16:13:00,1,22.4,19,147.46,-20.2,511,0.2,0.82,0.05,0
2026-02-10 16:13:00,1,22.3,18.9,149.3,-20.1,426,0.41,0.65,0.07,0
2026-02-10 16:13:00,1,22.4,19,145.15,-20.1,673,0.52,0.29,0.26,0
2026-02-10 16:13:00,1,22.4,19,152.06,-20.2,801,0.05,0.75,0.2,0
2026-02-10 16:13:00,1,22.4,18.9,151.6,-20.2,359,0.74,0.36,0.07,0
2026-02-10 16:13:00,1,22.4,19,150.22,-20.1,440,0.36,0.61,0.04,0
2026-02-10 16:13:00,1,22.4,19,151.6,-20.1,676,0.04,0.88,0.08,0
2026-02-10 16:13:00,1,22.4,19,150.68,-20.1,675,0.11,0.82,0.1,0.01
2026-02-10 16:13:00,1,22.4,19,152.99,-20.2,659,0.22,0.67,0.11,0
2026-02-10 16:13:00,1,22.4,19,150.68,-20.2,817,0.28,0.58,0.24,0.01
2026-02-10 16:13:00,1,22.4,19,153.45,-20.2,682,0.04,0.96,0.02,0
2026-02-10 16:13:00,1,22.4,19,152.06,-20.2,1330,0.2,0.29,0.49,0.03
2026-02-10 16:13:00,1,22.4,19,152.06,-20.2,656,0.21,0.66,0.13,0
2026-02-10 16:13:00,1,22.4,18.9,152.99,-20.2,744,0.09,0.86,0.1,0
2026-02-10 16:13:00,1,22.3,19,151.6,-20.1,860,0.23,0.58,0.22,0
2026-02-10 16:13:00,1,22.4,19,152.52,-20.2,567,0.33,0.66,0.07,0
2026-02-10 16:13:00,1,22.4,18.9,152.99,-20.2,1685,0.27,0.3,0.44,0.06
2026-02-10 16:13:00,1,22.4,19,153.45,-20.1,948,0.37,0.32,0.3,0.01
2026-02-10 16:14:00,1,22.4,19,152.52,-20.1,1466,0.4,0.29,0.19,0.17
2026-02-10 16:14:00,1,22.4,19.1,152.06,-20.2,689,0.2,0.67,0.19,0
2026-02-10 16:14:00,1,22.4,19,152.06,-20.3,1046,0.04,0.6,0.39,0
2026-02-10 16:14:00,1,22.4,19,152.06,-19.9,529,0.37,0.59,0.07,0
2026-02-10 16:14:00,1,22.4,19,151.14,-20.4,1209,0.06,0.46,0.49,0.01
2026-02-10 16:14:00,1,22.4,19,152.06,-20,746,0.5,0.4,0.21,0.01
2026-02-10 16:14:00,1,22.4,19,151.14,-20.3,646,0.04,0.92,0.05,0
2026-02-10 16:14:00,1,22.4,18.9,151.6,-20.1,1160,0.15,0.45,0.39,0.02
2026-02-10 16:14:00,1,22.4,19,151.14,-20.1,956,0.06,0.67,0.26,0.02
2026-02-10 16:14:00,1,22.4,19,151.14,-20.1,464,0.13,0.86,0.03,0
2026-02-10 16:14:00,1,22.4,18.9,151.14,-20.2,1055,0.33,0.38,0.33,0.03
2026-02-10 16:14:00,0,22.4,19,151.14,-20.2,650,0.24,0.74,0.15,0
2026-02-10 16:14:00,1,22.4,19,150.22,-20.1,579,0.3,0.6,0.14,0.01
2026-02-10 16:14:00,1,22.4,18.9,148.38,-20.3,757,0.21,0.78,0.13,0.01
2026-02-10 16:14:00,1,22.4,18.9,132.71,-20.1,1362,0.06,0.68,0.16,0.12
2026-02-10 16:14:00,1,22.4,19,156.21,-20.1,565,0.2,0.77,0.07,0
2026-02-10 16:14:00,1,22.4,19,157.13,-20.1,666,0.19,0.7,0.13,0
2026-02-10 16:14:00,1,22.4,19,157.13,-20.1,516,0.65,0.39,0.15,0.01
2026-02-10 16:14:00,0,22.4,18.9,157.59,-20,844,0.37,0.48,0.25,0.01
2026-02-10 16:14:00,0,22.4,18.9,157.59,-20.2,658,0.41,0.47,0.15,0.02
2026-02-10 16:14:00,0,22.4,19,157.59,-20.2,427,0.37,0.55,0.09,0
2026-02-10 16:14:00,0,22.4,19,157.59,-20,789,0.02,0.87,0.11,0
2026-02-10 16:14:00,0,22.4,18.9,157.13,-20.1,826,0.21,0.7,0.21,0.01
2026-02-10 16:14:00,0,22.4,18.9,156.21,-20.3,797,0.36,0.43,0.25,0.01
2026-02-10 16:14:00,0,22.4,19,155.29,-20.1,500,0.43,0.47,0.1,0
2026-02-10 16:14:00,0,22.4,18.9,131.79,-20.2,613,0.53,0.32,0.16,0.01
2026-02-10 16:14:00,1,22.4,19,146.53,-20.4,520,0.49,0.38,0.15,0.01
2026-02-10 16:14:00,1,22.4,19,147,-20.2,1197,0.2,0.39,0.42,0.01
2026-02-10 16:14:00,1,22.4,18.9,141.47,-20.1,687,0.4,0.49,0.17,0
2026-02-10 16:14:00,1,22.4,19,144.23,-20.2,631,0.08,0.88,0.07,0
2026-02-10 16:14:00,1,22.4,18.9,143.77,-20.3,461,0.45,0.53,0.09,0
2026-02-10 16:14:00,0,22.4,18.9,144.69,-20.3,383,0.69,0.26,0.1,0
2026-02-10 16:14:00,0,22.4,18.9,147.46,-20.3,636,0.13,0.84,0.04,0
2026-02-10 16:14:00,0,22.4,19,148.38,-20.1,662,0.17,0.85,0.15,0.01
2026-02-10 16:14:00,0,22.4,18.9,147.46,-20.1,698,0.23,0.73,0.22,0
2026-02-10 16:14:00,0,22.4,19,143.77,-20.1,486,0.6,0.39,0.11,0.01
2026-02-10 16:14:00,0,22.4,19,147,-20.3,691,0.06,0.86,0.11,0
2026-02-10 16:14:00,0,22.4,18.9,144.23,-20.2,984,0.17,0.57,0.39,0.01
2026-02-10 16:14:00,0,22.4,19,142.39,-20.2,705,0.29,0.58,0.19,0.01
2026-02-10 16:14:00,0,22.4,19,146.53,-20,1893,0.11,0.41,0.38,0.13
2026-02-10 16:14:00,0,22.4,19,154.37,-20.1,593,0.44,0.42,0.14,0
2026-02-10 16:14:00,1,22.4,19,147,-20.2,2900,0.19,0.35,0.25,0.29
2026-02-10 16:14:00,1,22.4,18.9,150.68,-20.3,564,0.53,0.51,0.19,0
2026-02-10 16:14:00,1,22.4,18.9,140.54,-20.1,892,0.22,0.63,0.24,0.01
2026-02-10 16:14:00,1,22.4,18.9,135.48,-20.2,814,0.5,0.41,0.06,0.09
2026-02-10 16:14:00,0,22.4,18.9,142.39,-20.1,1120,0.14,0.4,0.48,0.02
2026-02-10 16:14:00,0,22.4,19,152.06,-20.2,693,0.16,0.66,0.18,0.01
2026-02-10 16:14:00,0,22.4,19,151.6,-20.2,515,0.28,0.65,0.07,0.01
2026-02-10 16:14:00,0,22.4,19,154.37,-20.4,547,0.16,0.86,0.11,0
2026-02-10 16:14:00,0,22.4,19,150.22,-20,690,0.34,0.59,0.14,0.01
2026-02-10 16:14:00,0,22.4,19,154.83,-20.2,794,0.17,0.66,0.19,0.01
2026-02-10 16:14:00,0,22.4,18.9,156.21,-20.2,727,0.11,0.67,0.23,0
2026-02-10 16:14:00,0,22.4,18.9,156.67,-20.3,1772,0.16,0.52,0.19,0.15
2026-02-10 16:14:00,0,22.4,19,157.13,-20.2,801,0.02,0.86,0.13,0
2026-02-10 16:14:00,0,22.4,18.9,157.59,-20.3,690,0.23,0.52,0.26,0
2026-02-10 16:14:00,0,22.4,19,157.59,-20.1,881,0.44,0.36,0.26,0.01
2026-02-10 16:15:00,0,22.4,18.9,157.59,-20.1,1062,0.18,0.34,0.49,0.01
2026-02-10 16:15:00,0,22.4,19,157.59,-20,1093,0.23,0.46,0.36,0.01
2026-02-10 16:15:00,0,22.4,18.9,157.59,-20.1,1206,0.12,0.48,0.49,0.01
2026-02-10 16:15:00,0,22.4,19,158.05,-20.2,944,0.12,0.6,0.29,0
2026-02-10 16:15:00,0,22.4,19,158.05,-20.1,663,0.14,0.82,0.05,0
2026-02-10 16:15:00,0,22.4,19,158.05,-20.3,957,0.12,0.64,0.27,0.01
2026-02-10 16:15:00,0,22.4,19,157.59,-20.2,1018,0.12,0.62,0.28,0.01
2026-02-10 16:15:00,0,22.4,19,157.59,-20.2,834,0.31,0.46,0.26,0.01
2026-02-10 16:15:00,0,22.4,19,157.59,-20.1,819,0.33,0.41,0.29,0
2026-02-10 16:15:00,0,22.4,19,157.59,-20.2,671,0.14,0.79,0.14,0.01
2026-02-10 16:15:00,0,22.4,19,156.21,-20.2,688,0.31,0.66,0.12,0
2026-02-10 16:15:00,0,22.4,19,154.83,-20.1,923,0.43,0.42,0.31,0.01
2026-02-10 16:15:00,0,22.4,19,155.29,-20.2,693,0.21,0.62,0.19,0.01
2026-02-10 16:15:00,0,22.4,18.9,155.75,-20.2,538,0.08,0.86,0.09,0
2026-02-10 16:15:00,0,22.4,19,155.75,-20.2,366,0.72,0.19,0.09,0.01
2026-02-10 16:15:00,0,22.4,19,155.75,-20.1,691,0.14,0.73,0.16,0
2026-02-10 16:15:00,0,22.4,19,155.75,-20.2,524,0.57,0.28,0.18,0
2026-02-10 16:15:00,0,22.4,19,156.21,-20.1,493,0.4,0.54,0.08,0
2026-02-10 16:15:00,0,22.4,19,157.13,-20.2,402,0.78,0.13,0.12,0.01
2026-02-10 16:15:00,0,22.4,19,157.13,-20.2,439,0.35,0.65,0.08,0
2026-02-10 16:15:00,0,22.4,19,153.45,-20.2,1419,0.28,0.5,0.08,0.14
2026-02-10 16:15:00,0,22.4,19,156.67,-20.2,477,0.54,0.45,0.11,0
2026-02-10 16:15:00,0,22.4,19,156.67,-20.2,410,0.57,0.41,0.06,0
2026-02-10 16:15:00,0,22.4,19,156.21,-20.1,404,0.63,0.31,0.08,0
2026-02-10 16:15:00,0,22.4,19,156.21,-20.2,693,0.09,0.78,0.18,0
2026-02-10 16:15:00,0,22.4,18.9,156.67,-20.2,809,0.27,0.53,0.25,0.01
2026-02-10 16:15:00,0,22.4,19,156.67,-20.2,665,0.22,0.67,0.17,0.01
2026-02-10 16:15:00,0,22.4,19,155.75,-20.2,610,0.09,0.77,0.19,0
2026-02-10 16:15:00,0,22.4,19,157.13,-20.2,750,0.1,0.7,0.2,0
2026-02-10 16:15:00,0,22.4,19,157.13,-20.1,858,0.13,0.71,0.2,0.01
2026-02-10 16:15:00,0,22.4,19,157.13,-20.4,690,0.17,0.75,0.11,0.01
2026-02-10 16:15:00,0,22.4,19,157.13,-20.1,734,0.09,0.86,0.06,0
2026-02-10 16:15:00,0,22.4,19,157.13,-20.1,653,0.05,0.91,0.05,0
2026-02-10 16:15:00,0,22.4,19,157.13,-20.3,832,0.23,0.57,0.26,0.01
2026-02-10 16:15:00,0,22.4,19,156.67,-20.3,504,0.21,0.89,0.05,0
2026-02-10 16:15:00,0,22.4,19,156.67,-20.2,577,0.43,0.42,0.15,0
2026-02-10 16:15:00,0,22.4,19,156.67,-20.3,1373,0.4,0.27,0.27,0.11
2026-02-10 16:15:00,0,22.4,18.9,156.67,-20.2,623,0.24,0.74,0.11,0
2026-02-10 16:15:00,0,22.4,19,157.13,-20.2,684,0.21,0.67,0.14,0
2026-02-10 16:15:00,0,22.4,19,157.13,-20.1,694,0.07,0.85,0.08,0
2026-02-10 16:15:00,0,22.4,19,156.67,-20.2,541,0.58,0.27,0.16,0.01
2026-02-10 16:15:00,0,22.4,19,156.67,-20.2,572,0.29,0.65,0.09,0
2026-02-10 16:15:00,0,22.4,19,156.67,-20.2,755,0.26,0.73,0.1,0.01
2026-02-10 16:15:00,0,22.4,19,157.13,-20.2,711,0.09,0.86,0.08,0
2026-02-10 16:15:00,0,22.4,19,157.13,-20.1,598,0.43,0.51,0.18,0.01
2026-02-10 16:15:00,0,22.4,19,157.13,-20.4,929,0.31,0.38,0.32,0
2026-02-10 16:15:00,0,22.4,19,157.13,-20.2,881,0.18,0.62,0.18,0.03
2026-02-10 16:15:00,0,22.4,19,157.13,-20,555,0.17,0.82,0.01,0
2026-02-10 16:15:00,0,22.4,19,157.13,-19.9,780,0.52,0.26,0.24,0.01
2026-02-10 16:15:00,0,22.4,19,157.13,-20.6,1150,0.16,0.36,0.51,0
2026-02-10 16:15:00,0,22.4,19,157.13,-20.3,747,0.25,0.54,0.24,0
2026-02-10 16:15:00,0,22.4,19,157.13,-20,990,0.25,0.46,0.32,0.01
2026-02-10 16:15:00,0,22.4,19,157.59,-20.4,544,0.35,0.59,0.15,0
2026-02-10 16:15:00,0,22.4,18.9,157.59,-20.1,814,0.1,0.78,0.2,0.01
2026-02-10 16:15:00,0,22.4,19,157.59,-20.1,751,0.13,0.68,0.22,0
2026-02-10 16:16:00,0,22.4,19,157.13,-20.1,790,0.25,0.53,0.25,0.01
2026-02-10 16:16:00,0,22.4,18.9,157.13,-20.2,764,0.11,0.81,0.09,0
2026-02-10 16:16:00,0,22.4,19,157.59,-20.1,564,0.19,0.79,0.07,0
2026-02-10 16:16:00,0,22.4,18.9,157.59,-20.3,620,0.13,0.75,0.13,0
2026-02-10 16:16:00,0,22.4,19,157.59,-20.3,879,0.22,0.43,0.35,0
2026-02-10 16:16:00,0,22.4,18.9,157.59,-20.2,621,0.3,0.6,0.16,0
2026-02-10 16:16:00,0,22.4,19,158.05,-20.1,657,0.15,0.81,0.08,0
2026-02-10 16:16:00,0,22.4,18.9,158.05,-20.1,729,0.06,0.72,0.23,0
2026-02-10 16:16:00,0,22.4,18.9,158.05,-20.2,652,0.17,0.79,0.05,0
2026-02-10 16:16:00,0,22.4,19,157.59,-20.2,547,0.27,0.67,0.07,0
2026-02-10 16:16:00,0,22.4,19,157.59,-20.1,626,0.57,0.32,0.16,0.01
2026-02-10 16:16:00,0,22.4,18.9,148.84,-20.2,376,0.5,0.55,0.05,0
2026-02-10 16:16:00,0,22.4,18.9,130.87,-20,682,0.34,0.61,0.18,0
2026-02-10 16:16:00,0,22.4,18.9,130.41,-20.1,620,0.44,0.4,0.18,0.01
2026-02-10 16:16:00,0,22.4,19,140.08,-20.1,512,0.51,0.44,0.11,0
2026-02-10 16:16:00,0,22.4,18.9,143.77,-20.1,674,0.11,0.74,0.16,0
2026-02-10 16:16:00,0,22.4,19,142.85,-20.2,607,0.49,0.39,0.2,0
2026-02-10 16:16:00,0,22.4,18.9,142.39,-20.2,611,0.1,0.84,0.12,0
2026-02-10 16:16:00,0,22.4,19,139.16,-20.1,1031,0.25,0.68,0.23,0.02
2026-02-10 16:16:00,0,22.4,18.9,147.92,-20.2,737,0.27,0.64,0.18,0.01
2026-02-10 16:16:00,1,22.4,19,153.91,-20.1,410,0.73,0.28,0.12,0
2026-02-10 16:16:00,1,22.4,18.9,157.13,-20.1,1177,0.09,0.56,0.38,0.05
2026-02-10 16:16:00,1,22.4,18.9,154.37,-20.1,600,0.21,0.72,0.1,0
2026-02-10 16:16:00,0,22.4,19,153.91,-20.2,750,0.23,0.61,0.18,0
2026-02-10 16:16:00,0,22.4,18.9,154.83,-20.1,844,0.03,0.8,0.17,0
2026-02-10 16:16:00,0,22.4,19,157.13,-20.3,728,0.06,0.86,0.12,0
2026-02-10 16:16:00,0,22.4,18.9,157.13,-20.1,725,0.56,0.28,0.18,0.02
2026-02-10 16:16:00,0,22.4,19,157.13,-20.1,730,0.36,0.53,0.21,0.01
2026-02-10 16:16:00,0,22.4,19,157.13,-20.2,764,0.16,0.68,0.2,0
2026-02-10 16:16:00,0,22.4,18.9,154.37,-20.2,500,0.51,0.41,0.11,0
2026-02-10 16:16:00,0,22.4,19,152.06,-20,367,0.41,0.58,0.06,0
2026-02-10 16:16:00,1,22.4,19,152.06,-20.3,654,0.33,0.7,0.2,0
2026-02-10 16:16:00,0,22.4,19,155.29,-20.1,631,0.09,0.83,0.09,0
2026-02-10 16:16:00,0,22.4,19,156.21,-20.1,804,0.05,0.8,0.15,0
2026-02-10 16:16:00,0,22.4,18.9,150.68,-20.1,512,0.11,0.82,0.1,0
2026-02-10 16:16:00,0,22.4,18.9,154.37,-20.1,931,0.19,0.61,0.2,0.05
2026-02-10 16:16:00,0,22.4,18.9,156.67,-20.3,861,0.26,0.49,0.31,0.01
2026-02-10 16:16:00,0,22.4,19,157.59,-20.2,799,0.22,0.59,0.21,0.02
2026-02-10 16:16:00,0,22.3,19,157.13,-20.1,1550,0.05,0.4,0.52,0.03
2026-02-10 16:16:00,0,22.4,18.9,157.13,-20.5,703,0.07,0.92,0.03,0
2026-02-10 16:16:00,0,22.4,18.9,157.13,-20.1,772,0.13,0.76,0.14,0
2026-02-10 16:16:00,0,22.4,19,157.13,-20.4,642,0.05,0.96,0.01,0
2026-02-10 16:16:00,0,22.4,19,151.6,-20.2,513,0.32,0.68,0.05,0
2026-02-10 16:16:00,0,22.3,19,151.6,-20,465,0.3,0.77,0.09,0.01
2026-02-10 16:16:00,0,22.4,19,151.14,-20.1,876,0.46,0.29,0.31,0.02
2026-02-10 16:16:00,0,22.4,18.9,153.91,-20.1,422,0.59,0.3,0.11,0
2026-02-10 16:16:00,0,22.4,19,157.13,-20.1,631,0.14,0.73,0.12,0.01
2026-02-10 16:16:00,0,22.4,19,156.67,-20.1,436,0.34,0.61,0.06,0
2026-02-10 16:16:00,0,22.4,19,157.13,-20.2,589,0.16,0.79,0.09,0
2026-02-10 16:16:00,0,22.4,19,157.13,-20.2,242,0.84,0.18,0.03,0
2026-02-10 16:16:00,0,22.4,19,157.13,-20.2,809,0.03,0.96,0.03,0
2026-02-10 16:16:00,0,22.4,19,157.13,-20.1,812,0.1,0.86,0.04,0
2026-02-10 16:16:00,0,22.4,19,157.13,-20.3,788,0.17,0.55,0.29,0
2026-02-10 16:16:00,0,22.4,19,157.13,-20,525,0.07,0.9,0.04,0
2026-02-10 16:16:00,0,22.4,19,157.13,-20,664,0.22,0.64,0.16,0
2026-02-10 16:16:00,0,22.4,18.9,157.13,-20.3,1081,0.2,0.52,0.35,0.02
2026-02-10 16:17:00,0,22.3,18.9,151.6,-20.2,534,0.45,0.44,0.13,0
2026-02-10 16:17:00,0,22.4,18.9,154.83,-20.2,613,0.1,0.85,0.08,0
2026-02-10 16:17:00,0,22.4,19,157.13,-20.1,479,0.29,0.65,0.09,0
2026-02-10 16:17:00,0,22.4,18.9,154.37,-19.9,802,0.32,0.41,0.32,0
2026-02-10 16:17:00,0,22.4,19,153.45,-20.3,680,0.46,0.42,0.25,0
2026-02-10 16:17:00,0,22.4,18.9,153.91,-20.1,777,0.29,0.55,0.24,0.01
2026-02-10 16:17:00,0,22.4,18.9,156.21,-20.2,908,0.23,0.56,0.3,0.01
2026-02-10 16:17:00,0,22.4,18.9,156.67,-20.2,945,0.07,0.71,0.22,0.01
2026-02-10 16:17:00,0,22.4,19,157.13,-20.5,658,0.04,0.9,0.08,0
2026-02-10 16:17:00,0,22.4,19,157.13,-20.2,716,0.51,0.32,0.18,0.02
2026-02-10 16:17:00,0,22.4,19,157.13,-20.2,516,0.38,0.53,0.12,0
2026-02-10 16:17:00,0,22.4,19,157.13,-20.2,698,0.24,0.63,0.12,0.02
2026-02-10 16:17:00,0,22.4,19,157.13,-20.1,864,0.24,0.63,0.25,0.01
2026-02-10 16:17:00,0,22.4,19,157.13,-20.1,718,0.09,0.79,0.16,0
2026-02-10 16:17:00,0,22.4,18.9,156.67,-20.1,384,0.64,0.4,0.08,0
2026-02-10 16:17:00,0,22.4,19,157.13,-20.1,576,0.29,0.65,0.1,0
2026-02-10 16:17:00,0,22.4,18.9,157.59,-20.2,637,0.28,0.59,0.14,0
2026-02-10 16:17:00,0,22.4,19,157.13,-20.2,631,0.12,0.86,0.09,0
2026-02-10 16:17:00,0,22.4,18.9,157.13,-20.2,800,0.25,0.58,0.28,0
2026-02-10 16:17:00,0,22.4,18.9,157.13,-20.1,672,0.07,0.75,0.22,0
2026-02-10 16:17:00,0,22.4,19,157.13,-20.2,638,0.19,0.64,0.19,0.01
2026-02-10 16:17:00,0,22.4,18.9,157.13,-20.1,748,0.13,0.74,0.17,0
2026-02-10 16:17:00,0,22.4,19,156.67,-20,647,0.15,0.72,0.15,0
2026-02-10 16:17:00,0,22.4,19,152.99,-20.1,1241,0.11,0.4,0.49,0.01
2026-02-10 16:17:00,0,22.3,18.9,144.69,-20.1,963,0.29,0.48,0.24,0.03
2026-02-10 16:17:00,1,22.4,18.9,108.29,-19.9,457,0.11,0.86,0.03,0
2026-02-10 16:17:00,1,22.4,18.9,120.27,-20,526,0.23,0.78,0.02,0
2026-02-10 16:17:00,1,22.3,19,127.18,-20.2,570,0.18,0.86,0.07,0
2026-02-10 16:17:00,1,22.3,18.9,129.95,-20.2,775,0.37,0.51,0.24,0.03
2026-02-10 16:17:00,1,22.3,19,127.18,-20.2,519,0.28,0.7,0.11,0
2026-02-10 16:17:00,1,22.3,18.9,129.95,-20.1,776,0.17,0.68,0.17,0.02
2026-02-10 16:17:00,1,22.3,19,112.9,-20.1,542,0.59,0.56,0.18,0
2026-02-10 16:17:00,1,22.3,19,118.43,-20.2,999,0.14,0.65,0.29,0.01
2026-02-10 16:17:00,1,22.3,19,111.97,-20.1,761,0.06,0.85,0.13,0
2026-02-10 16:17:38,0,22.3,19,135.01,-20.2,518,0.2,0.71,0.11,0.01
2026-02-10 16:17:39,1,22.4,19.1,133.17,-20.1,381,0.59,0.51,0.05,0